product_id,date,price,event
1,2025-05-27,92.77,sale
1,2025-05-28,94.83,
1,2025-05-29,94.57,
1,2025-05-30,94.4,
1,2025-05-31,94.83,
1,2025-06-01,95.96,
1,2025-06-02,96.37,
1,2025-06-03,100.45,
1,2025-06-04,100.72,
1,2025-06-05,101.49,
1,2025-06-06,100.19,
1,2025-06-07,101.38,
1,2025-06-08,105.19,
1,2025-06-09,108.59,
1,2025-06-10,105.28,
1,2025-06-11,102.22,
1,2025-06-12,101.4,
1,2025-06-13,99.71,
1,2025-06-14,99.28,
1,2025-06-15,97.3,
1,2025-06-16,93.09,
1,2025-06-17,91.01,
1,2025-06-18,91.54,
1,2025-06-19,87.93,
1,2025-06-20,89.55,
1,2025-06-21,90.9,
1,2025-06-22,87.13,
1,2025-06-23,87.31,
1,2025-06-24,90.7,
1,2025-06-25,91.84,
1,2025-06-26,93.6,
1,2025-06-27,91.52,
1,2025-06-28,88.06,
1,2025-06-29,86.98,
1,2025-06-30,85.85,
1,2025-07-01,84.0,
1,2025-07-02,82.49,
1,2025-07-03,81.85,
1,2025-07-04,81.71,
1,2025-07-05,80.73,
1,2025-07-06,83.34,
1,2025-07-07,82.69,
1,2025-07-08,83.01,
1,2025-07-09,83.86,
1,2025-07-10,84.11,
1,2025-07-11,85.46,
1,2025-07-12,86.35,
1,2025-07-13,87.32,
1,2025-07-14,89.13,
1,2025-07-15,92.03,
1,2025-07-16,89.49,
1,2025-07-17,88.98,
1,2025-07-18,88.88,
1,2025-07-19,90.21,
1,2025-07-20,52.31,sale
1,2025-07-21,52.62,
1,2025-07-22,49.93,
1,2025-07-23,49.55,
1,2025-07-24,49.99,
1,2025-07-25,49.6,
1,2025-07-26,50.39,
1,2025-07-27,50.41,
1,2025-07-28,52.16,
1,2025-07-29,53.1,
1,2025-07-30,53.08,
1,2025-07-31,52.92,
1,2025-08-01,52.32,
1,2025-08-02,51.91,
1,2025-08-03,52.57,
1,2025-08-04,52.19,
1,2025-08-05,53.62,
1,2025-08-06,53.47,
1,2025-08-07,54.89,
1,2025-08-08,53.45,
1,2025-08-09,53.76,
1,2025-08-10,52.95,
1,2025-08-11,51.75,
1,2025-08-12,52.95,
1,2025-08-13,53.84,
1,2025-08-14,53.82,
1,2025-08-15,53.36,
1,2025-08-16,53.84,
1,2025-08-17,55.38,
1,2025-08-18,54.79,
1,2025-08-19,54.75,
1,2025-08-20,55.1,
1,2025-08-21,54.1,
1,2025-08-22,53.52,
1,2025-08-23,55.08,
1,2025-08-24,55.79,
1,2025-08-25,54.34,
1,2025-08-26,53.1,
1,2025-08-27,54.7,
1,2025-08-28,55.66,
1,2025-08-29,55.79,
1,2025-08-30,55.5,
1,2025-08-31,54.32,
1,2025-09-01,54.26,
1,2025-09-02,54.02,
1,2025-09-03,55.65,
1,2025-09-04,55.94,
1,2025-09-05,54.89,
1,2025-09-06,46.87,sale
1,2025-09-07,46.7,
1,2025-09-08,45.86,
1,2025-09-09,45.39,
1,2025-09-10,44.36,
1,2025-09-11,44.88,
1,2025-09-12,44.87,
1,2025-09-13,45.34,
1,2025-09-14,46.37,
1,2025-09-15,45.52,
1,2025-09-16,46.99,
1,2025-09-17,46.42,
1,2025-09-18,46.68,
1,2025-09-19,46.1,
1,2025-09-20,44.5,
1,2025-09-21,44.92,
1,2025-09-22,45.71,
1,2025-09-23,45.93,
1,2025-09-24,45.98,
1,2025-09-25,45.82,
1,2025-09-26,46.87,
1,2025-09-27,47.77,
1,2025-09-28,47.08,
1,2025-09-29,46.97,
1,2025-09-30,47.64,
1,2025-10-01,47.74,
1,2025-10-02,48.72,
1,2025-10-03,47.89,
1,2025-10-04,47.05,
1,2025-10-05,46.5,
1,2025-10-06,48.14,
1,2025-10-07,46.99,
1,2025-10-08,46.76,
1,2025-10-09,46.12,
1,2025-10-10,45.54,
1,2025-10-11,45.12,
1,2025-10-12,44.86,
1,2025-10-13,44.08,
1,2025-10-14,42.0,
1,2025-10-15,43.09,
1,2025-10-16,43.17,
1,2025-10-17,44.5,
1,2025-10-18,43.88,
1,2025-10-19,44.16,
1,2025-10-20,43.96,
1,2025-10-21,44.75,
1,2025-10-22,44.66,
1,2025-10-23,43.86,
1,2025-10-24,36.37,sale
1,2025-10-25,35.38,
1,2025-10-26,35.64,
1,2025-10-27,35.11,
1,2025-10-28,35.12,
1,2025-10-29,34.84,
1,2025-10-30,34.15,
1,2025-10-31,34.1,
1,2025-11-01,34.12,
1,2025-11-02,34.52,
1,2025-11-03,35.12,
1,2025-11-04,35.0,
1,2025-11-05,36.06,
1,2025-11-06,36.39,
1,2025-11-07,36.84,
1,2025-11-08,38.63,
1,2025-11-09,38.28,
1,2025-11-10,38.01,
1,2025-11-11,38.05,
1,2025-11-12,38.88,
1,2025-11-13,38.71,
1,2025-11-14,38.55,
1,2025-11-15,38.51,
1,2025-11-16,38.32,
1,2025-11-17,37.56,
1,2025-11-18,37.68,
1,2025-11-19,36.5,
1,2025-11-20,36.42,
1,2025-11-21,37.11,
1,2025-11-22,37.29,
2,2025-05-27,21.98,
2,2025-05-28,21.94,
2,2025-05-29,21.78,
2,2025-05-30,21.78,
2,2025-05-31,22.09,
2,2025-06-01,22.49,
2,2025-06-02,22.35,
2,2025-06-03,23.19,
2,2025-06-04,22.78,
2,2025-06-05,22.0,
2,2025-06-06,21.51,
2,2025-06-07,20.42,
2,2025-06-08,20.42,
2,2025-06-09,20.14,
2,2025-06-10,20.37,
2,2025-06-11,19.92,
2,2025-06-12,19.52,
2,2025-06-13,19.45,
2,2025-06-14,19.07,
2,2025-06-15,18.76,
2,2025-06-16,18.01,
2,2025-06-17,17.71,
2,2025-06-18,17.42,
2,2025-06-19,18.03,
2,2025-06-20,17.99,
2,2025-06-21,18.42,
2,2025-06-22,17.91,
2,2025-06-23,17.98,
2,2025-06-24,17.53,
2,2025-06-25,17.22,
2,2025-06-26,17.01,
2,2025-06-27,17.02,
2,2025-06-28,16.4,
2,2025-06-29,16.05,
2,2025-06-30,16.16,
2,2025-07-01,16.07,
2,2025-07-02,16.58,
2,2025-07-03,16.57,
2,2025-07-04,16.81,
2,2025-07-05,16.66,
2,2025-07-06,17.18,
2,2025-07-07,17.38,
2,2025-07-08,16.8,
2,2025-07-09,16.35,
2,2025-07-10,16.39,
2,2025-07-11,16.53,
2,2025-07-12,16.18,
2,2025-07-13,16.18,
2,2025-07-14,15.97,
2,2025-07-15,15.78,
2,2025-07-16,15.95,
2,2025-07-17,14.5,sale
2,2025-07-18,14.18,
2,2025-07-19,13.91,
2,2025-07-20,14.12,
2,2025-07-21,14.42,
2,2025-07-22,14.55,
2,2025-07-23,14.09,
2,2025-07-24,14.15,
2,2025-07-25,13.97,
2,2025-07-26,13.76,
2,2025-07-27,13.8,
2,2025-07-28,14.22,
2,2025-07-29,14.19,
2,2025-07-30,14.58,
2,2025-07-31,14.57,
2,2025-08-01,15.49,
2,2025-08-02,15.67,
2,2025-08-03,14.79,
2,2025-08-04,15.15,
2,2025-08-05,15.11,
2,2025-08-06,15.41,
2,2025-08-07,15.2,
2,2025-08-08,14.75,
2,2025-08-09,14.8,
2,2025-08-10,14.75,
2,2025-08-11,15.02,
2,2025-08-12,15.09,
2,2025-08-13,15.4,
2,2025-08-14,15.72,
2,2025-08-15,15.04,
2,2025-08-16,15.39,
2,2025-08-17,15.25,
2,2025-08-18,15.04,
2,2025-08-19,15.23,
2,2025-08-20,15.26,
2,2025-08-21,15.01,
2,2025-08-22,14.32,
2,2025-08-23,14.36,
2,2025-08-24,13.54,
2,2025-08-25,13.27,
2,2025-08-26,13.31,
2,2025-08-27,13.2,
2,2025-08-28,13.63,
2,2025-08-29,13.34,
2,2025-08-30,13.38,
2,2025-08-31,13.07,
2,2025-09-01,13.5,
2,2025-09-02,13.86,
2,2025-09-03,13.84,
2,2025-09-04,13.73,
2,2025-09-05,13.97,
2,2025-09-06,13.88,
2,2025-09-07,14.16,
2,2025-09-08,14.0,
2,2025-09-09,14.13,
2,2025-09-10,14.21,
2,2025-09-11,14.04,
2,2025-09-12,13.86,
2,2025-09-13,14.31,
2,2025-09-14,14.52,
2,2025-09-15,14.86,
2,2025-09-16,30.36,spike
2,2025-09-17,30.86,
2,2025-09-18,29.92,
2,2025-09-19,30.51,
2,2025-09-20,30.89,
2,2025-09-21,30.96,
2,2025-09-22,31.81,
2,2025-09-23,31.31,
2,2025-09-24,31.18,
2,2025-09-25,30.14,
2,2025-09-26,30.25,
2,2025-09-27,31.14,
2,2025-09-28,30.64,
2,2025-09-29,30.96,
2,2025-09-30,31.05,
2,2025-10-01,30.56,
2,2025-10-02,31.07,
2,2025-10-03,31.15,
2,2025-10-04,30.46,
2,2025-10-05,30.85,
2,2025-10-06,30.79,
2,2025-10-07,31.0,
2,2025-10-08,31.97,
2,2025-10-09,30.96,
2,2025-10-10,30.91,
2,2025-10-11,31.2,
2,2025-10-12,31.79,
2,2025-10-13,32.59,
2,2025-10-14,33.7,
2,2025-10-15,33.6,
2,2025-10-16,33.1,
2,2025-10-17,34.09,
2,2025-10-18,33.55,
2,2025-10-19,33.29,
2,2025-10-20,33.43,
2,2025-10-21,33.19,
2,2025-10-22,32.91,
2,2025-10-23,32.86,
2,2025-10-24,32.74,
2,2025-10-25,32.05,
2,2025-10-26,31.19,
2,2025-10-27,31.41,
2,2025-10-28,32.45,
2,2025-10-29,32.89,
2,2025-10-30,28.31,sale
2,2025-10-31,28.44,
2,2025-11-01,28.65,
2,2025-11-02,29.12,
2,2025-11-03,28.78,
2,2025-11-04,28.07,
2,2025-11-05,28.79,
2,2025-11-06,29.13,
2,2025-11-07,28.74,
2,2025-11-08,28.8,
2,2025-11-09,28.55,
2,2025-11-10,29.54,
2,2025-11-11,29.69,
2,2025-11-12,29.89,
2,2025-11-13,29.56,
2,2025-11-14,29.37,
2,2025-11-15,29.9,
2,2025-11-16,30.24,
2,2025-11-17,30.31,
2,2025-11-18,30.19,
2,2025-11-19,29.58,
2,2025-11-20,30.19,
2,2025-11-21,30.04,
2,2025-11-22,29.75,
3,2025-05-27,27.82,spike
3,2025-05-28,27.87,
3,2025-05-29,27.2,
3,2025-05-30,26.32,
3,2025-05-31,26.69,
3,2025-06-01,27.61,
3,2025-06-02,27.67,
3,2025-06-03,27.57,
3,2025-06-04,26.54,
3,2025-06-05,26.65,
3,2025-06-06,26.94,
3,2025-06-07,27.36,
3,2025-06-08,26.55,
3,2025-06-09,26.38,
3,2025-06-10,27.16,
3,2025-06-11,27.7,
3,2025-06-12,27.02,
3,2025-06-13,27.13,
3,2025-06-14,27.33,
3,2025-06-15,26.39,
3,2025-06-16,26.05,
3,2025-06-17,26.02,
3,2025-06-18,26.19,
3,2025-06-19,26.01,
3,2025-06-20,26.59,
3,2025-06-21,26.78,
3,2025-06-22,26.92,
3,2025-06-23,17.45,sale
3,2025-06-24,17.3,
3,2025-06-25,17.83,
3,2025-06-26,18.0,
3,2025-06-27,17.57,
3,2025-06-28,18.24,
3,2025-06-29,17.98,
3,2025-06-30,17.51,
3,2025-07-01,16.92,
3,2025-07-02,16.68,
3,2025-07-03,17.1,
3,2025-07-04,16.97,
3,2025-07-05,9.93,sale
3,2025-07-06,9.89,
3,2025-07-07,9.95,
3,2025-07-08,9.9,
3,2025-07-09,9.98,
3,2025-07-10,9.91,
3,2025-07-11,9.92,
3,2025-07-12,10.04,
3,2025-07-13,10.38,
3,2025-07-14,10.41,
3,2025-07-15,10.22,
3,2025-07-16,10.29,
3,2025-07-17,10.34,
3,2025-07-18,10.5,
3,2025-07-19,10.63,
3,2025-07-20,10.78,
3,2025-07-21,10.9,
3,2025-07-22,10.85,
3,2025-07-23,10.66,
3,2025-07-24,10.4,
3,2025-07-25,10.24,
3,2025-07-26,10.28,
3,2025-07-27,10.2,
3,2025-07-28,10.1,
3,2025-07-29,9.9,
3,2025-07-30,10.1,
3,2025-07-31,10.11,
3,2025-08-01,10.32,
3,2025-08-02,10.18,
3,2025-08-03,10.44,
3,2025-08-04,10.91,
3,2025-08-05,10.97,
3,2025-08-06,11.27,
3,2025-08-07,10.84,
3,2025-08-08,10.4,
3,2025-08-09,10.36,
3,2025-08-10,10.45,
3,2025-08-11,10.18,
3,2025-08-12,10.11,
3,2025-08-13,10.1,
3,2025-08-14,9.7,
3,2025-08-15,9.79,
3,2025-08-16,9.6,
3,2025-08-17,9.78,
3,2025-08-18,9.57,
3,2025-08-19,9.59,
3,2025-08-20,9.92,
3,2025-08-21,9.75,
3,2025-08-22,9.86,
3,2025-08-23,5.47,sale
3,2025-08-24,5.47,
3,2025-08-25,5.36,
3,2025-08-26,5.46,
3,2025-08-27,5.43,
3,2025-08-28,5.37,
3,2025-08-29,5.41,
3,2025-08-30,8.11,spike
3,2025-08-31,7.87,
3,2025-09-01,7.86,
3,2025-09-02,7.9,
3,2025-09-03,5.83,sale
3,2025-09-04,5.91,
3,2025-09-05,5.98,
3,2025-09-06,5.95,
3,2025-09-07,5.97,
3,2025-09-08,5.89,
3,2025-09-09,5.7,
3,2025-09-10,5.52,
3,2025-09-11,5.54,
3,2025-09-12,5.33,sale
3,2025-09-13,5.46,
3,2025-09-14,5.34,
3,2025-09-15,5.46,
3,2025-09-16,5.62,
3,2025-09-17,5.58,
3,2025-09-18,5.7,
3,2025-09-19,5.71,
3,2025-09-20,5.49,
3,2025-09-21,5.29,
3,2025-09-22,5.34,
3,2025-09-23,5.45,
3,2025-09-24,5.5,
3,2025-09-25,5.48,
3,2025-09-26,5.59,
3,2025-09-27,5.66,
3,2025-09-28,5.52,
3,2025-09-29,5.46,
3,2025-09-30,5.48,
3,2025-10-01,5.48,
3,2025-10-02,5.3,
3,2025-10-03,5.3,
3,2025-10-04,5.33,
3,2025-10-05,5.46,
3,2025-10-06,5.49,
3,2025-10-07,5.53,
3,2025-10-08,5.49,
3,2025-10-09,5.45,
3,2025-10-10,5.35,
3,2025-10-11,5.5,
3,2025-10-12,5.38,
3,2025-10-13,5.43,
3,2025-10-14,5.42,
3,2025-10-15,4.24,sale
3,2025-10-16,4.01,
3,2025-10-17,3.93,
3,2025-10-18,3.85,
3,2025-10-19,3.8,
3,2025-10-20,3.91,
3,2025-10-21,3.99,
3,2025-10-22,4.11,
3,2025-10-23,4.04,
3,2025-10-24,4.01,
3,2025-10-25,4.06,
3,2025-10-26,4.03,
3,2025-10-27,4.0,
3,2025-10-28,3.95,
3,2025-10-29,3.93,
3,2025-10-30,3.88,
3,2025-10-31,3.57,sale
3,2025-11-01,3.65,
3,2025-11-02,3.53,
3,2025-11-03,3.54,
3,2025-11-04,3.65,
3,2025-11-05,3.75,
3,2025-11-06,3.72,
3,2025-11-07,3.7,
3,2025-11-08,3.67,
3,2025-11-09,3.61,
3,2025-11-10,3.52,
3,2025-11-11,3.38,
3,2025-11-12,3.53,
3,2025-11-13,3.69,
3,2025-11-14,3.67,
3,2025-11-15,3.79,
3,2025-11-16,3.81,
3,2025-11-17,3.89,
3,2025-11-18,4.04,
3,2025-11-19,4.06,
3,2025-11-20,4.04,
3,2025-11-21,4.1,
3,2025-11-22,3.93,
4,2025-05-27,16.11,
4,2025-05-28,15.61,
4,2025-05-29,15.41,
4,2025-05-30,15.55,
4,2025-05-31,15.91,
4,2025-06-01,15.95,
4,2025-06-02,15.7,
4,2025-06-03,15.68,
4,2025-06-04,15.43,
4,2025-06-05,15.42,
4,2025-06-06,15.95,
4,2025-06-07,16.42,
4,2025-06-08,16.13,
4,2025-06-09,15.72,
4,2025-06-10,15.97,
4,2025-06-11,16.15,
4,2025-06-12,15.73,
4,2025-06-13,15.77,
4,2025-06-14,15.67,
4,2025-06-15,15.69,
4,2025-06-16,15.58,
4,2025-06-17,16.07,
4,2025-06-18,8.04,spike
4,2025-06-19,8.12,
4,2025-06-20,8.23,
4,2025-06-21,8.31,
4,2025-06-22,8.05,
4,2025-06-23,7.92,
4,2025-06-24,7.88,
4,2025-06-25,8.09,
4,2025-06-26,8.07,
4,2025-06-27,7.94,
4,2025-06-28,7.58,
4,2025-06-29,7.65,
4,2025-06-30,7.87,
4,2025-07-01,7.75,
4,2025-07-02,7.56,
4,2025-07-03,7.38,
4,2025-07-04,7.14,
4,2025-07-05,7.17,
4,2025-07-06,7.15,
4,2025-07-07,7.02,
4,2025-07-08,7.13,
4,2025-07-09,6.88,
4,2025-07-10,6.82,
4,2025-07-11,6.89,
4,2025-07-12,6.72,
4,2025-07-13,6.84,
4,2025-07-14,6.62,
4,2025-07-15,6.47,
4,2025-07-16,6.34,
4,2025-07-17,6.3,
4,2025-07-18,6.29,
4,2025-07-19,6.22,
4,2025-07-20,6.29,
4,2025-07-21,6.19,
4,2025-07-22,6.28,
4,2025-07-23,6.1,
4,2025-07-24,5.9,
4,2025-07-25,5.92,
4,2025-07-26,5.3,sale
4,2025-07-27,5.43,
4,2025-07-28,5.37,
4,2025-07-29,5.65,
4,2025-07-30,5.46,
4,2025-07-31,5.3,
4,2025-08-01,5.38,
4,2025-08-02,5.37,
4,2025-08-03,5.48,
4,2025-08-04,5.51,
4,2025-08-05,5.13,sale
4,2025-08-06,5.34,
4,2025-08-07,5.31,
4,2025-08-08,5.24,
4,2025-08-09,5.25,
4,2025-08-10,5.39,
4,2025-08-11,3.52,sale
4,2025-08-12,2.7,sale
4,2025-08-13,2.79,
4,2025-08-14,2.76,
4,2025-08-15,2.7,
4,2025-08-16,2.68,
4,2025-08-17,2.64,
4,2025-08-18,2.63,
4,2025-08-19,2.58,
4,2025-08-20,2.62,
4,2025-08-21,2.59,
4,2025-08-22,2.61,
4,2025-08-23,2.67,
4,2025-08-24,2.75,
4,2025-08-25,2.72,
4,2025-08-26,2.75,
4,2025-08-27,2.64,
4,2025-08-28,2.68,
4,2025-08-29,2.68,
4,2025-08-30,2.72,
4,2025-08-31,2.71,
4,2025-09-01,2.7,
4,2025-09-02,2.66,
4,2025-09-03,2.67,
4,2025-09-04,2.65,
4,2025-09-05,2.71,
4,2025-09-06,2.73,
4,2025-09-07,2.71,
4,2025-09-08,2.63,
4,2025-09-09,2.63,
4,2025-09-10,2.58,
4,2025-09-11,2.68,
4,2025-09-12,2.64,
4,2025-09-13,2.67,
4,2025-09-14,2.77,
4,2025-09-15,2.87,
4,2025-09-16,2.85,
4,2025-09-17,2.82,
4,2025-09-18,2.86,
4,2025-09-19,2.83,
4,2025-09-20,2.83,
4,2025-09-21,2.78,
4,2025-09-22,2.77,
4,2025-09-23,2.83,
4,2025-09-24,2.78,
4,2025-09-25,2.79,
4,2025-09-26,2.77,
4,2025-09-27,2.83,
4,2025-09-28,2.84,
4,2025-09-29,2.84,
4,2025-09-30,2.74,
4,2025-10-01,2.8,
4,2025-10-02,2.73,
4,2025-10-03,2.74,
4,2025-10-04,2.72,
4,2025-10-05,2.71,
4,2025-10-06,2.72,
4,2025-10-07,2.75,
4,2025-10-08,2.77,
4,2025-10-09,2.73,
4,2025-10-10,2.85,
4,2025-10-11,2.84,
4,2025-10-12,2.72,
4,2025-10-13,2.76,
4,2025-10-14,2.75,
4,2025-10-15,2.71,
4,2025-10-16,2.76,
4,2025-10-17,2.75,
4,2025-10-18,2.66,
4,2025-10-19,2.68,
4,2025-10-20,2.74,
4,2025-10-21,2.79,
4,2025-10-22,2.85,
4,2025-10-23,2.87,
4,2025-10-24,2.84,
4,2025-10-25,2.9,
4,2025-10-26,2.92,
4,2025-10-27,2.9,
4,2025-10-28,2.92,
4,2025-10-29,2.88,
4,2025-10-30,2.79,
4,2025-10-31,2.82,
4,2025-11-01,2.83,
4,2025-11-02,2.79,
4,2025-11-03,2.8,
4,2025-11-04,2.72,
4,2025-11-05,2.62,
4,2025-11-06,2.57,
4,2025-11-07,2.63,
4,2025-11-08,2.59,
4,2025-11-09,2.25,sale
4,2025-11-10,2.3,
4,2025-11-11,2.27,
4,2025-11-12,2.27,
4,2025-11-13,1.55,sale
4,2025-11-14,1.58,
4,2025-11-15,1.55,
4,2025-11-16,1.59,
4,2025-11-17,1.6,
4,2025-11-18,1.61,
4,2025-11-19,1.63,
4,2025-11-20,1.59,
4,2025-11-21,1.62,
4,2025-11-22,1.61,
5,2025-05-27,386.39,sale
5,2025-05-28,384.31,
5,2025-05-29,390.4,
5,2025-05-30,393.1,
5,2025-05-31,200.69,spike
5,2025-06-01,201.03,
5,2025-06-02,202.66,
5,2025-06-03,206.99,
5,2025-06-04,204.02,
5,2025-06-05,210.88,
5,2025-06-06,214.13,
5,2025-06-07,211.7,
5,2025-06-08,200.51,
5,2025-06-09,198.07,
5,2025-06-10,200.51,
5,2025-06-11,195.47,
5,2025-06-12,199.1,
5,2025-06-13,203.31,
5,2025-06-14,199.42,
5,2025-06-15,205.29,
5,2025-06-16,199.46,
5,2025-06-17,201.27,
5,2025-06-18,196.75,
5,2025-06-19,197.41,
5,2025-06-20,195.31,
5,2025-06-21,194.7,
5,2025-06-22,194.92,
5,2025-06-23,203.24,
5,2025-06-24,202.99,
5,2025-06-25,203.03,
5,2025-06-26,203.22,
5,2025-06-27,197.93,
5,2025-06-28,200.39,
5,2025-06-29,200.15,
5,2025-06-30,199.62,
5,2025-07-01,195.24,
5,2025-07-02,196.31,
5,2025-07-03,190.67,
5,2025-07-04,189.4,
5,2025-07-05,198.71,
5,2025-07-06,196.73,
5,2025-07-07,196.02,
5,2025-07-08,193.08,
5,2025-07-09,194.84,
5,2025-07-10,193.78,
5,2025-07-11,197.28,
5,2025-07-12,206.6,
5,2025-07-13,207.14,
5,2025-07-14,200.96,
5,2025-07-15,201.71,
5,2025-07-16,207.78,
5,2025-07-17,211.43,
5,2025-07-18,213.34,
5,2025-07-19,212.07,
5,2025-07-20,150.69,sale
5,2025-07-21,156.63,
5,2025-07-22,159.97,
5,2025-07-23,161.69,
5,2025-07-24,164.54,
5,2025-07-25,160.85,
5,2025-07-26,161.13,
5,2025-07-27,163.46,
5,2025-07-28,164.24,
5,2025-07-29,162.14,
5,2025-07-30,116.44,sale
5,2025-07-31,116.77,
5,2025-08-01,115.25,
5,2025-08-02,115.17,
5,2025-08-03,115.43,
5,2025-08-04,118.83,
5,2025-08-05,117.45,
5,2025-08-06,117.34,
5,2025-08-07,115.82,
5,2025-08-08,112.45,
5,2025-08-09,113.79,
5,2025-08-10,114.69,
5,2025-08-11,114.71,
5,2025-08-12,113.7,
5,2025-08-13,112.05,
5,2025-08-14,113.7,
5,2025-08-15,114.1,
5,2025-08-16,113.93,
5,2025-08-17,113.77,
5,2025-08-18,115.64,
5,2025-08-19,117.11,
5,2025-08-20,114.88,
5,2025-08-21,113.81,
5,2025-08-22,117.7,
5,2025-08-23,122.39,
5,2025-08-24,122.35,
5,2025-08-25,123.37,
5,2025-08-26,125.9,
5,2025-08-27,128.97,
5,2025-08-28,130.19,
5,2025-08-29,130.58,
5,2025-08-30,131.24,
5,2025-08-31,130.93,
5,2025-09-01,101.31,sale
5,2025-09-02,104.63,
5,2025-09-03,103.42,
5,2025-09-04,104.51,
5,2025-09-05,101.04,
5,2025-09-06,100.84,
5,2025-09-07,97.6,
5,2025-09-08,101.28,
5,2025-09-09,102.24,
5,2025-09-10,102.96,
5,2025-09-11,100.98,
5,2025-09-12,99.39,
5,2025-09-13,96.96,
5,2025-09-14,95.36,
5,2025-09-15,96.35,
5,2025-09-16,98.32,
5,2025-09-17,96.97,
5,2025-09-18,99.16,
5,2025-09-19,98.32,
5,2025-09-20,96.92,
5,2025-09-21,95.87,
5,2025-09-22,97.6,
5,2025-09-23,100.2,
5,2025-09-24,103.46,
5,2025-09-25,105.03,
5,2025-09-26,103.11,
5,2025-09-27,102.39,
5,2025-09-28,103.37,
5,2025-09-29,102.4,
5,2025-09-30,102.24,
5,2025-10-01,104.56,
5,2025-10-02,105.92,
5,2025-10-03,104.44,
5,2025-10-04,105.2,
5,2025-10-05,104.34,
5,2025-10-06,104.48,
5,2025-10-07,104.19,
5,2025-10-08,103.03,
5,2025-10-09,104.46,
5,2025-10-10,106.87,
5,2025-10-11,107.36,
5,2025-10-12,107.31,
5,2025-10-13,110.81,
5,2025-10-14,111.21,
5,2025-10-15,112.7,
5,2025-10-16,114.94,
5,2025-10-17,120.5,
5,2025-10-18,114.31,
5,2025-10-19,112.44,
5,2025-10-20,113.4,
5,2025-10-21,114.11,
5,2025-10-22,111.96,
5,2025-10-23,111.77,
5,2025-10-24,111.02,
5,2025-10-25,113.02,
5,2025-10-26,113.84,
5,2025-10-27,112.6,
5,2025-10-28,93.09,sale
5,2025-10-29,94.52,
5,2025-10-30,94.56,
5,2025-10-31,94.85,
5,2025-11-01,92.69,
5,2025-11-02,89.44,
5,2025-11-03,83.68,
5,2025-11-04,83.35,
5,2025-11-05,84.58,
5,2025-11-06,51.9,sale
5,2025-11-07,52.14,
5,2025-11-08,52.51,
5,2025-11-09,50.33,
5,2025-11-10,49.97,
5,2025-11-11,48.46,
5,2025-11-12,48.81,
5,2025-11-13,48.33,
5,2025-11-14,49.82,
5,2025-11-15,49.15,
5,2025-11-16,49.66,
5,2025-11-17,49.19,
5,2025-11-18,49.59,
5,2025-11-19,49.51,
5,2025-11-20,49.31,
5,2025-11-21,49.21,
5,2025-11-22,50.12,
6,2025-05-27,166.6,
6,2025-05-28,162.2,
6,2025-05-29,164.41,
6,2025-05-30,168.88,
6,2025-05-31,165.97,
6,2025-06-01,167.08,
6,2025-06-02,162.68,
6,2025-06-03,159.7,
6,2025-06-04,155.76,
6,2025-06-05,160.95,
6,2025-06-06,159.7,
6,2025-06-07,159.65,
6,2025-06-08,163.12,
6,2025-06-09,163.53,
6,2025-06-10,157.14,
6,2025-06-11,154.97,
6,2025-06-12,152.28,
6,2025-06-13,155.91,
6,2025-06-14,158.13,
6,2025-06-15,153.67,
6,2025-06-16,151.96,
6,2025-06-17,151.08,
6,2025-06-18,147.56,
6,2025-06-19,148.5,
6,2025-06-20,149.54,
6,2025-06-21,150.75,
6,2025-06-22,150.6,
6,2025-06-23,151.85,
6,2025-06-24,150.82,
6,2025-06-25,148.23,
6,2025-06-26,143.67,
6,2025-06-27,146.11,
6,2025-06-28,143.48,
6,2025-06-29,139.89,
6,2025-06-30,141.61,
6,2025-07-01,135.7,
6,2025-07-02,134.92,
6,2025-07-03,134.66,
6,2025-07-04,137.66,
6,2025-07-05,140.44,
6,2025-07-06,141.92,
6,2025-07-07,140.91,
6,2025-07-08,141.53,
6,2025-07-09,144.0,
6,2025-07-10,142.99,
6,2025-07-11,142.31,
6,2025-07-12,144.17,
6,2025-07-13,150.89,
6,2025-07-14,153.28,
6,2025-07-15,154.94,
6,2025-07-16,155.45,
6,2025-07-17,150.74,
6,2025-07-18,150.67,
6,2025-07-19,152.17,
6,2025-07-20,150.32,
6,2025-07-21,151.71,
6,2025-07-22,138.67,sale
6,2025-07-23,141.07,
6,2025-07-24,145.03,
6,2025-07-25,131.06,sale
6,2025-07-26,132.62,
6,2025-07-27,133.34,
6,2025-07-28,131.75,
6,2025-07-29,134.55,
6,2025-07-30,135.13,
6,2025-07-31,132.32,
6,2025-08-01,129.87,
6,2025-08-02,129.13,
6,2025-08-03,130.16,
6,2025-08-04,132.68,
6,2025-08-05,132.55,
6,2025-08-06,122.22,sale
6,2025-08-07,119.14,
6,2025-08-08,117.78,
6,2025-08-09,116.88,
6,2025-08-10,115.29,
6,2025-08-11,115.54,
6,2025-08-12,114.53,
6,2025-08-13,115.74,
6,2025-08-14,113.93,
6,2025-08-15,111.47,
6,2025-08-16,113.81,
6,2025-08-17,112.89,
6,2025-08-18,112.95,
6,2025-08-19,112.35,
6,2025-08-20,109.72,
6,2025-08-21,107.7,
6,2025-08-22,109.14,
6,2025-08-23,109.18,
6,2025-08-24,105.58,
6,2025-08-25,105.99,
6,2025-08-26,108.53,
6,2025-08-27,107.78,
6,2025-08-28,110.44,
6,2025-08-29,108.19,
6,2025-08-30,109.66,
6,2025-08-31,108.37,
6,2025-09-01,106.32,
6,2025-09-02,105.85,
6,2025-09-03,105.62,
6,2025-09-04,105.69,
6,2025-09-05,105.83,
6,2025-09-06,104.42,
6,2025-09-07,106.09,
6,2025-09-08,106.69,
6,2025-09-09,109.53,
6,2025-09-10,107.32,
6,2025-09-11,107.31,
6,2025-09-12,104.48,
6,2025-09-13,106.03,
6,2025-09-14,107.89,
6,2025-09-15,109.65,
6,2025-09-16,110.16,
6,2025-09-17,114.28,
6,2025-09-18,110.05,
6,2025-09-19,115.1,
6,2025-09-20,116.55,
6,2025-09-21,118.61,
6,2025-09-22,119.87,
6,2025-09-23,120.75,
6,2025-09-24,123.4,
6,2025-09-25,125.22,
6,2025-09-26,127.04,
6,2025-09-27,129.94,
6,2025-09-28,132.43,
6,2025-09-29,134.2,
6,2025-09-30,136.98,
6,2025-10-01,143.33,
6,2025-10-02,142.39,
6,2025-10-03,138.64,
6,2025-10-04,143.61,
6,2025-10-05,142.35,
6,2025-10-06,141.29,
6,2025-10-07,142.11,
6,2025-10-08,143.05,
6,2025-10-09,145.09,
6,2025-10-10,145.9,
6,2025-10-11,149.08,
6,2025-10-12,146.94,
6,2025-10-13,144.86,
6,2025-10-14,144.66,
6,2025-10-15,142.48,
6,2025-10-16,138.86,
6,2025-10-17,136.14,
6,2025-10-18,140.46,
6,2025-10-19,141.79,
6,2025-10-20,143.5,
6,2025-10-21,139.51,
6,2025-10-22,138.3,
6,2025-10-23,134.97,
6,2025-10-24,133.17,
6,2025-10-25,130.39,
6,2025-10-26,135.44,
6,2025-10-27,136.19,
6,2025-10-28,137.28,
6,2025-10-29,134.89,
6,2025-10-30,131.1,
6,2025-10-31,137.16,
6,2025-11-01,141.51,
6,2025-11-02,139.12,
6,2025-11-03,134.89,
6,2025-11-04,105.87,sale
6,2025-11-05,103.77,
6,2025-11-06,101.98,
6,2025-11-07,99.94,
6,2025-11-08,98.43,
6,2025-11-09,98.4,
6,2025-11-10,72.6,sale
6,2025-11-11,72.32,
6,2025-11-12,73.42,
6,2025-11-13,75.61,
6,2025-11-14,113.44,spike
6,2025-11-15,66.01,sale
6,2025-11-16,64.68,
6,2025-11-17,63.71,
6,2025-11-18,62.27,
6,2025-11-19,60.08,
6,2025-11-20,59.09,
6,2025-11-21,56.01,sale
6,2025-11-22,56.15,
7,2025-05-27,10.04,
7,2025-05-28,10.19,
7,2025-05-29,10.13,
7,2025-05-30,9.89,
7,2025-05-31,10.29,
7,2025-06-01,10.45,
7,2025-06-02,10.62,
7,2025-06-03,5.84,sale
7,2025-06-04,5.93,
7,2025-06-05,5.88,
7,2025-06-06,5.68,
7,2025-06-07,5.71,
7,2025-06-08,5.49,
7,2025-06-09,5.53,
7,2025-06-10,5.38,
7,2025-06-11,5.61,
7,2025-06-12,5.81,
7,2025-06-13,5.82,
7,2025-06-14,5.26,sale
7,2025-06-15,5.21,
7,2025-06-16,5.22,
7,2025-06-17,5.3,
7,2025-06-18,5.25,
7,2025-06-19,5.29,
7,2025-06-20,5.35,
7,2025-06-21,5.28,
7,2025-06-22,5.37,
7,2025-06-23,5.41,
7,2025-06-24,5.42,
7,2025-06-25,5.43,
7,2025-06-26,5.52,
7,2025-06-27,5.6,
7,2025-06-28,5.35,
7,2025-06-29,5.23,
7,2025-06-30,5.32,
7,2025-07-01,5.2,
7,2025-07-02,5.18,
7,2025-07-03,5.32,
7,2025-07-04,5.25,
7,2025-07-05,5.2,
7,2025-07-06,5.17,
7,2025-07-07,5.25,
7,2025-07-08,5.3,
7,2025-07-09,5.35,
7,2025-07-10,5.31,
7,2025-07-11,5.63,
7,2025-07-12,5.69,
7,2025-07-13,5.6,
7,2025-07-14,5.46,
7,2025-07-15,5.41,
7,2025-07-16,5.56,
7,2025-07-17,5.67,
7,2025-07-18,5.64,
7,2025-07-19,5.48,
7,2025-07-20,5.31,
7,2025-07-21,5.47,
7,2025-07-22,5.36,
7,2025-07-23,5.39,
7,2025-07-24,5.45,
7,2025-07-25,5.26,
7,2025-07-26,5.31,
7,2025-07-27,5.22,
7,2025-07-28,5.31,
7,2025-07-29,5.49,
7,2025-07-30,5.45,
7,2025-07-31,5.61,
7,2025-08-01,5.55,
7,2025-08-02,5.6,
7,2025-08-03,5.8,
7,2025-08-04,5.85,
7,2025-08-05,5.71,
7,2025-08-06,5.8,
7,2025-08-07,5.76,
7,2025-08-08,5.72,
7,2025-08-09,5.5,
7,2025-08-10,5.69,
7,2025-08-11,5.73,
7,2025-08-12,5.68,
7,2025-08-13,5.62,
7,2025-08-14,5.55,
7,2025-08-15,5.51,
7,2025-08-16,5.43,
7,2025-08-17,5.37,
7,2025-08-18,2.69,spike
7,2025-08-19,2.65,
7,2025-08-20,2.74,
7,2025-08-21,2.82,
7,2025-08-22,2.81,
7,2025-08-23,2.41,sale
7,2025-08-24,2.28,
7,2025-08-25,2.35,
7,2025-08-26,2.35,
7,2025-08-27,2.46,
7,2025-08-28,2.46,
7,2025-08-29,2.36,
7,2025-08-30,2.39,
7,2025-08-31,2.34,
7,2025-09-01,1.19,spike
7,2025-09-02,1.15,
7,2025-09-03,1.15,
7,2025-09-04,1.16,
7,2025-09-05,1.15,
7,2025-09-06,1.12,
7,2025-09-07,1.12,
7,2025-09-08,1.12,
7,2025-09-09,1.08,
7,2025-09-10,1.11,
7,2025-09-11,1.1,
7,2025-09-12,1.09,
7,2025-09-13,1.06,
7,2025-09-14,1.07,
7,2025-09-15,0.54,sale
7,2025-09-16,0.54,
7,2025-09-17,0.55,
7,2025-09-18,0.54,
7,2025-09-19,0.55,
7,2025-09-20,0.82,spike
7,2025-09-21,0.82,
7,2025-09-22,0.81,
7,2025-09-23,0.81,
7,2025-09-24,0.8,
7,2025-09-25,0.82,
7,2025-09-26,0.81,
7,2025-09-27,0.83,
7,2025-09-28,0.83,
7,2025-09-29,0.83,
7,2025-09-30,0.81,
7,2025-10-01,0.8,
7,2025-10-02,0.82,
7,2025-10-03,0.8,
7,2025-10-04,0.81,
7,2025-10-05,0.8,
7,2025-10-06,0.81,
7,2025-10-07,0.81,
7,2025-10-08,0.8,
7,2025-10-09,0.83,
7,2025-10-10,0.83,
7,2025-10-11,0.84,
7,2025-10-12,0.84,
7,2025-10-13,0.83,
7,2025-10-14,0.84,
7,2025-10-15,0.82,
7,2025-10-16,0.82,
7,2025-10-17,0.83,
7,2025-10-18,0.85,
7,2025-10-19,0.88,
7,2025-10-20,0.85,
7,2025-10-21,0.85,
7,2025-10-22,0.86,
7,2025-10-23,0.87,
7,2025-10-24,0.9,
7,2025-10-25,0.9,
7,2025-10-26,0.89,
7,2025-10-27,0.89,
7,2025-10-28,0.9,
7,2025-10-29,0.89,
7,2025-10-30,0.91,
7,2025-10-31,0.94,
7,2025-11-01,0.93,
7,2025-11-02,0.92,
7,2025-11-03,0.94,
7,2025-11-04,0.93,
7,2025-11-05,0.92,
7,2025-11-06,0.92,
7,2025-11-07,0.94,
7,2025-11-08,0.94,
7,2025-11-09,0.94,
7,2025-11-10,0.94,
7,2025-11-11,0.87,sale
7,2025-11-12,0.88,
7,2025-11-13,0.91,
7,2025-11-14,0.93,
7,2025-11-15,0.92,
7,2025-11-16,0.89,
7,2025-11-17,0.88,
7,2025-11-18,0.88,
7,2025-11-19,0.89,
7,2025-11-20,0.87,
7,2025-11-21,0.89,
7,2025-11-22,0.93,
8,2025-05-27,11.24,
8,2025-05-28,11.12,
8,2025-05-29,10.94,
8,2025-05-30,11.1,
8,2025-05-31,10.91,
8,2025-06-01,11.17,
8,2025-06-02,11.32,
8,2025-06-03,10.97,
8,2025-06-04,10.76,
8,2025-06-05,11.01,
8,2025-06-06,11.1,
8,2025-06-07,11.32,
8,2025-06-08,11.1,
8,2025-06-09,11.27,
8,2025-06-10,10.86,
8,2025-06-11,11.22,
8,2025-06-12,10.81,
8,2025-06-13,10.92,
8,2025-06-14,10.85,
8,2025-06-15,10.83,
8,2025-06-16,10.31,
8,2025-06-17,10.22,
8,2025-06-18,10.5,
8,2025-06-19,10.48,
8,2025-06-20,10.73,
8,2025-06-21,10.47,
8,2025-06-22,10.3,
8,2025-06-23,10.32,
8,2025-06-24,10.3,
8,2025-06-25,10.33,
8,2025-06-26,10.31,
8,2025-06-27,10.68,
8,2025-06-28,10.56,
8,2025-06-29,10.37,
8,2025-06-30,10.41,
8,2025-07-01,9.78,
8,2025-07-02,9.89,
8,2025-07-03,10.23,
8,2025-07-04,10.24,
8,2025-07-05,10.26,
8,2025-07-06,10.13,
8,2025-07-07,9.72,
8,2025-07-08,9.4,
8,2025-07-09,9.25,
8,2025-07-10,9.57,
8,2025-07-11,9.32,
8,2025-07-12,7.72,sale
8,2025-07-13,7.57,
8,2025-07-14,7.43,
8,2025-07-15,7.41,
8,2025-07-16,7.24,
8,2025-07-17,7.07,
8,2025-07-18,7.04,
8,2025-07-19,7.03,
8,2025-07-20,7.27,
8,2025-07-21,7.44,
8,2025-07-22,7.38,
8,2025-07-23,7.22,
8,2025-07-24,7.62,
8,2025-07-25,7.65,
8,2025-07-26,7.53,
8,2025-07-27,7.51,
8,2025-07-28,7.91,
8,2025-07-29,8.09,
8,2025-07-30,8.31,
8,2025-07-31,8.22,
8,2025-08-01,8.18,
8,2025-08-02,8.0,
8,2025-08-03,4.49,sale
8,2025-08-04,4.41,
8,2025-08-05,4.32,
8,2025-08-06,8.76,spike
8,2025-08-07,8.8,
8,2025-08-08,9.17,
8,2025-08-09,9.44,
8,2025-08-10,9.57,
8,2025-08-11,9.41,
8,2025-08-12,9.18,
8,2025-08-13,9.25,
8,2025-08-14,9.33,
8,2025-08-15,9.63,
8,2025-08-16,9.5,
8,2025-08-17,9.48,
8,2025-08-18,9.42,
8,2025-08-19,9.11,
8,2025-08-20,9.08,
8,2025-08-21,9.36,
8,2025-08-22,9.43,
8,2025-08-23,9.57,
8,2025-08-24,9.96,
8,2025-08-25,10.1,
8,2025-08-26,10.18,
8,2025-08-27,10.09,
8,2025-08-28,9.95,
8,2025-08-29,10.01,
8,2025-08-30,7.46,sale
8,2025-08-31,7.13,
8,2025-09-01,6.91,
8,2025-09-02,6.88,
8,2025-09-03,7.08,
8,2025-09-04,7.12,
8,2025-09-05,6.99,
8,2025-09-06,6.82,
8,2025-09-07,6.6,
8,2025-09-08,6.73,
8,2025-09-09,6.58,
8,2025-09-10,6.52,
8,2025-09-11,6.47,
8,2025-09-12,6.73,
8,2025-09-13,6.76,
8,2025-09-14,6.8,
8,2025-09-15,6.8,
8,2025-09-16,6.66,
8,2025-09-17,6.73,
8,2025-09-18,6.71,
8,2025-09-19,6.79,
8,2025-09-20,6.62,
8,2025-09-21,6.45,
8,2025-09-22,6.51,
8,2025-09-23,6.44,
8,2025-09-24,6.48,
8,2025-09-25,6.54,
8,2025-09-26,6.65,
8,2025-09-27,4.82,sale
8,2025-09-28,4.81,
8,2025-09-29,4.75,
8,2025-09-30,4.79,
8,2025-10-01,4.86,
8,2025-10-02,4.91,
8,2025-10-03,4.77,
8,2025-10-04,4.8,
8,2025-10-05,4.87,
8,2025-10-06,5.08,
8,2025-10-07,4.17,sale
8,2025-10-08,4.16,
8,2025-10-09,4.21,
8,2025-10-10,4.1,
8,2025-10-11,4.03,
8,2025-10-12,3.99,
8,2025-10-13,3.96,
8,2025-10-14,3.98,
8,2025-10-15,3.96,
8,2025-10-16,4.13,
8,2025-10-17,4.21,
8,2025-10-18,4.3,
8,2025-10-19,4.38,
8,2025-10-20,4.34,
8,2025-10-21,4.28,
8,2025-10-22,4.16,
8,2025-10-23,4.19,
8,2025-10-24,4.16,
8,2025-10-25,4.21,
8,2025-10-26,4.28,
8,2025-10-27,4.29,
8,2025-10-28,4.36,
8,2025-10-29,4.2,
8,2025-10-30,4.18,
8,2025-10-31,4.2,
8,2025-11-01,4.14,
8,2025-11-02,4.2,
8,2025-11-03,4.31,
8,2025-11-04,4.31,
8,2025-11-05,4.13,
8,2025-11-06,4.14,
8,2025-11-07,4.17,
8,2025-11-08,4.13,
8,2025-11-09,4.01,
8,2025-11-10,4.08,
8,2025-11-11,4.04,
8,2025-11-12,3.99,
8,2025-11-13,3.96,
8,2025-11-14,3.95,
8,2025-11-15,3.9,
8,2025-11-16,3.88,
8,2025-11-17,3.95,
8,2025-11-18,3.91,
8,2025-11-19,3.69,
8,2025-11-20,3.7,
8,2025-11-21,3.73,
8,2025-11-22,3.68,
9,2025-05-27,64.62,
9,2025-05-28,66.07,
9,2025-05-29,65.87,
9,2025-05-30,65.71,
9,2025-05-31,66.71,
9,2025-06-01,68.72,
9,2025-06-02,70.64,
9,2025-06-03,70.66,
9,2025-06-04,71.36,
9,2025-06-05,71.83,
9,2025-06-06,71.18,
9,2025-06-07,69.72,
9,2025-06-08,69.84,
9,2025-06-09,68.83,
9,2025-06-10,104.62,spike
9,2025-06-11,102.75,
9,2025-06-12,100.06,
9,2025-06-13,102.42,
9,2025-06-14,104.91,
9,2025-06-15,105.15,
9,2025-06-16,105.59,
9,2025-06-17,101.05,
9,2025-06-18,96.69,
9,2025-06-19,92.58,
9,2025-06-20,91.65,
9,2025-06-21,90.68,
9,2025-06-22,94.73,
9,2025-06-23,92.22,
9,2025-06-24,92.32,
9,2025-06-25,91.42,
9,2025-06-26,91.61,
9,2025-06-27,92.49,
9,2025-06-28,92.34,
9,2025-06-29,45.69,spike
9,2025-06-30,46.65,
9,2025-07-01,47.41,
9,2025-07-02,45.23,
9,2025-07-03,44.07,
9,2025-07-04,44.27,
9,2025-07-05,44.06,
9,2025-07-06,42.69,
9,2025-07-07,43.85,
9,2025-07-08,44.35,
9,2025-07-09,46.0,
9,2025-07-10,45.11,
9,2025-07-11,68.36,spike
9,2025-07-12,70.72,
9,2025-07-13,44.0,sale
9,2025-07-14,42.64,
9,2025-07-15,42.7,
9,2025-07-16,41.65,
9,2025-07-17,41.18,
9,2025-07-18,41.15,
9,2025-07-19,42.67,
9,2025-07-20,44.56,
9,2025-07-21,44.83,
9,2025-07-22,46.28,
9,2025-07-23,46.34,
9,2025-07-24,47.47,
9,2025-07-25,46.9,
9,2025-07-26,45.57,
9,2025-07-27,43.76,
9,2025-07-28,43.66,
9,2025-07-29,44.21,
9,2025-07-30,43.67,
9,2025-07-31,45.43,
9,2025-08-01,44.85,
9,2025-08-02,44.8,
9,2025-08-03,43.41,
9,2025-08-04,43.58,
9,2025-08-05,42.11,
9,2025-08-06,41.15,
9,2025-08-07,42.09,
9,2025-08-08,42.51,
9,2025-08-09,41.46,
9,2025-08-10,41.94,
9,2025-08-11,42.92,
9,2025-08-12,42.72,
9,2025-08-13,44.19,
9,2025-08-14,43.76,
9,2025-08-15,43.48,
9,2025-08-16,43.89,
9,2025-08-17,44.17,
9,2025-08-18,40.28,sale
9,2025-08-19,39.61,
9,2025-08-20,40.0,
9,2025-08-21,40.56,
9,2025-08-22,40.81,
9,2025-08-23,39.52,
9,2025-08-24,38.73,
9,2025-08-25,37.07,
9,2025-08-26,37.75,
9,2025-08-27,23.58,sale
9,2025-08-28,24.59,
9,2025-08-29,24.8,
9,2025-08-30,24.61,
9,2025-08-31,24.92,
9,2025-09-01,24.95,
9,2025-09-02,36.37,spike
9,2025-09-03,36.8,
9,2025-09-04,36.55,
9,2025-09-05,36.96,
9,2025-09-06,36.32,
9,2025-09-07,35.39,
9,2025-09-08,35.48,
9,2025-09-09,26.89,sale
9,2025-09-10,27.01,
9,2025-09-11,26.64,
9,2025-09-12,25.46,
9,2025-09-13,25.0,
9,2025-09-14,25.27,
9,2025-09-15,23.92,
9,2025-09-16,24.57,
9,2025-09-17,24.35,
9,2025-09-18,23.94,
9,2025-09-19,23.22,
9,2025-09-20,23.73,
9,2025-09-21,23.39,
9,2025-09-22,23.26,
9,2025-09-23,23.39,
9,2025-09-24,23.35,
9,2025-09-25,23.33,
9,2025-09-26,24.29,
9,2025-09-27,24.56,
9,2025-09-28,24.78,
9,2025-09-29,24.6,
9,2025-09-30,24.21,
9,2025-10-01,24.98,
9,2025-10-02,25.19,
9,2025-10-03,24.08,
9,2025-10-04,24.22,
9,2025-10-05,24.06,
9,2025-10-06,24.63,
9,2025-10-07,24.0,
9,2025-10-08,23.38,
9,2025-10-09,23.56,
9,2025-10-10,24.4,
9,2025-10-11,23.88,
9,2025-10-12,23.84,
9,2025-10-13,24.41,
9,2025-10-14,24.77,
9,2025-10-15,24.49,
9,2025-10-16,24.57,
9,2025-10-17,24.91,
9,2025-10-18,24.45,
9,2025-10-19,24.36,
9,2025-10-20,24.21,
9,2025-10-21,24.68,
9,2025-10-22,25.51,
9,2025-10-23,25.66,
9,2025-10-24,26.59,
9,2025-10-25,26.56,
9,2025-10-26,27.86,
9,2025-10-27,28.12,
9,2025-10-28,27.44,
9,2025-10-29,28.69,
9,2025-10-30,28.92,
9,2025-10-31,28.9,
9,2025-11-01,28.89,
9,2025-11-02,28.73,
9,2025-11-03,23.45,sale
9,2025-11-04,12.93,sale
9,2025-11-05,13.05,
9,2025-11-06,13.12,
9,2025-11-07,13.13,
9,2025-11-08,8.2,sale
9,2025-11-09,8.51,
9,2025-11-10,8.36,
9,2025-11-11,7.99,
9,2025-11-12,8.05,
9,2025-11-13,8.36,
9,2025-11-14,8.3,
9,2025-11-15,8.14,
9,2025-11-16,7.99,
9,2025-11-17,8.06,
9,2025-11-18,8.16,
9,2025-11-19,8.35,
9,2025-11-20,8.36,
9,2025-11-21,8.41,
9,2025-11-22,8.22,
10,2025-05-27,109.82,
10,2025-05-28,109.09,
10,2025-05-29,107.91,
10,2025-05-30,110.17,
10,2025-05-31,106.09,
10,2025-06-01,105.05,
10,2025-06-02,106.85,
10,2025-06-03,106.06,
10,2025-06-04,106.35,
10,2025-06-05,104.72,
10,2025-06-06,107.64,
10,2025-06-07,104.63,
10,2025-06-08,107.85,
10,2025-06-09,106.3,
10,2025-06-10,104.45,
10,2025-06-11,102.78,
10,2025-06-12,105.11,
10,2025-06-13,104.93,
10,2025-06-14,104.07,
10,2025-06-15,104.06,
10,2025-06-16,110.32,
10,2025-06-17,53.96,spike
10,2025-06-18,55.39,
10,2025-06-19,53.55,
10,2025-06-20,54.11,
10,2025-06-21,53.92,
10,2025-06-22,54.34,
10,2025-06-23,52.82,
10,2025-06-24,53.51,
10,2025-06-25,53.82,
10,2025-06-26,56.32,
10,2025-06-27,56.62,
10,2025-06-28,57.79,
10,2025-06-29,34.95,sale
10,2025-06-30,35.16,
10,2025-07-01,34.75,
10,2025-07-02,34.57,
10,2025-07-03,35.74,
10,2025-07-04,36.38,
10,2025-07-05,34.98,
10,2025-07-06,35.73,
10,2025-07-07,35.18,
10,2025-07-08,35.72,
10,2025-07-09,37.27,
10,2025-07-10,36.18,
10,2025-07-11,37.23,
10,2025-07-12,36.86,
10,2025-07-13,37.18,
10,2025-07-14,37.84,
10,2025-07-15,39.01,
10,2025-07-16,38.51,
10,2025-07-17,38.48,
10,2025-07-18,37.15,
10,2025-07-19,38.54,
10,2025-07-20,39.68,
10,2025-07-21,39.48,
10,2025-07-22,40.43,
10,2025-07-23,40.95,
10,2025-07-24,41.39,
10,2025-07-25,41.74,
10,2025-07-26,42.67,
10,2025-07-27,42.68,
10,2025-07-28,43.46,
10,2025-07-29,44.47,
10,2025-07-30,44.95,
10,2025-07-31,44.24,
10,2025-08-01,46.18,
10,2025-08-02,46.12,
10,2025-08-03,45.42,
10,2025-08-04,45.95,
10,2025-08-05,46.79,
10,2025-08-06,46.29,
10,2025-08-07,45.58,
10,2025-08-08,45.18,
10,2025-08-09,46.63,
10,2025-08-10,45.18,
10,2025-08-11,47.51,
10,2025-08-12,47.89,
10,2025-08-13,48.07,
10,2025-08-14,46.34,
10,2025-08-15,46.38,
10,2025-08-16,47.62,
10,2025-08-17,49.0,
10,2025-08-18,47.0,
10,2025-08-19,48.34,
10,2025-08-20,48.6,
10,2025-08-21,49.38,
10,2025-08-22,50.56,
10,2025-08-23,51.11,
10,2025-08-24,52.67,
10,2025-08-25,53.11,
10,2025-08-26,52.52,
10,2025-08-27,50.14,
10,2025-08-28,38.23,sale
10,2025-08-29,38.21,
10,2025-08-30,37.72,
10,2025-08-31,37.13,
10,2025-09-01,36.53,
10,2025-09-02,37.51,
10,2025-09-03,36.43,
10,2025-09-04,36.6,
10,2025-09-05,36.16,
10,2025-09-06,35.97,
10,2025-09-07,36.62,
10,2025-09-08,36.68,
10,2025-09-09,36.3,
10,2025-09-10,37.91,
10,2025-09-11,38.35,
10,2025-09-12,37.96,
10,2025-09-13,37.06,
10,2025-09-14,36.42,
10,2025-09-15,36.58,
10,2025-09-16,37.41,
10,2025-09-17,37.21,
10,2025-09-18,37.5,
10,2025-09-19,38.28,
10,2025-09-20,39.3,
10,2025-09-21,38.92,
10,2025-09-22,38.41,
10,2025-09-23,22.79,sale
10,2025-09-24,22.9,
10,2025-09-25,23.03,
10,2025-09-26,22.72,
10,2025-09-27,23.34,
10,2025-09-28,23.08,
10,2025-09-29,22.8,
10,2025-09-30,23.07,
10,2025-10-01,22.98,
10,2025-10-02,22.95,
10,2025-10-03,22.93,
10,2025-10-04,21.96,
10,2025-10-05,21.98,
10,2025-10-06,21.84,
10,2025-10-07,21.21,
10,2025-10-08,20.8,
10,2025-10-09,20.32,
10,2025-10-10,20.17,
10,2025-10-11,19.93,
10,2025-10-12,19.79,
10,2025-10-13,18.97,
10,2025-10-14,19.11,
10,2025-10-15,18.83,
10,2025-10-16,18.65,
10,2025-10-17,19.21,
10,2025-10-18,19.23,
10,2025-10-19,9.44,sale
10,2025-10-20,9.55,
10,2025-10-21,9.42,
10,2025-10-22,9.51,
10,2025-10-23,9.7,
10,2025-10-24,9.28,
10,2025-10-25,9.35,
10,2025-10-26,9.46,
10,2025-10-27,9.39,
10,2025-10-28,9.48,
10,2025-10-29,9.69,
10,2025-10-30,9.53,
10,2025-10-31,9.57,
10,2025-11-01,9.6,
10,2025-11-02,9.36,
10,2025-11-03,9.41,
10,2025-11-04,9.36,
10,2025-11-05,9.47,
10,2025-11-06,9.5,
10,2025-11-07,9.61,
10,2025-11-08,9.75,
10,2025-11-09,9.79,
10,2025-11-10,9.91,
10,2025-11-11,10.09,
10,2025-11-12,10.22,
10,2025-11-13,9.9,
10,2025-11-14,9.75,
10,2025-11-15,10.03,
10,2025-11-16,10.09,
10,2025-11-17,9.3,sale
10,2025-11-18,9.22,
10,2025-11-19,8.72,
10,2025-11-20,8.77,
10,2025-11-21,8.78,
10,2025-11-22,8.8,
11,2025-05-27,111.1,
11,2025-05-28,110.4,
11,2025-05-29,111.15,
11,2025-05-30,113.23,
11,2025-05-31,112.05,
11,2025-06-01,115.11,
11,2025-06-02,115.66,
11,2025-06-03,117.18,
11,2025-06-04,115.84,
11,2025-06-05,112.49,
11,2025-06-06,113.43,
11,2025-06-07,111.25,
11,2025-06-08,106.69,
11,2025-06-09,105.87,
11,2025-06-10,103.38,
11,2025-06-11,105.49,
11,2025-06-12,105.49,
11,2025-06-13,106.33,
11,2025-06-14,112.28,
11,2025-06-15,113.53,
11,2025-06-16,113.79,
11,2025-06-17,169.75,spike
11,2025-06-18,161.39,
11,2025-06-19,167.63,
11,2025-06-20,166.84,
11,2025-06-21,168.87,
11,2025-06-22,168.14,
11,2025-06-23,166.84,
11,2025-06-24,164.91,
11,2025-06-25,167.66,
11,2025-06-26,170.16,
11,2025-06-27,170.63,
11,2025-06-28,167.44,
11,2025-06-29,165.06,
11,2025-06-30,324.76,spike
11,2025-07-01,318.44,
11,2025-07-02,323.59,
11,2025-07-03,324.39,
11,2025-07-04,313.31,
11,2025-07-05,308.82,
11,2025-07-06,156.86,spike
11,2025-07-07,154.92,
11,2025-07-08,160.39,
11,2025-07-09,157.58,
11,2025-07-10,156.6,
11,2025-07-11,157.29,
11,2025-07-12,157.29,
11,2025-07-13,157.46,
11,2025-07-14,161.29,
11,2025-07-15,159.7,
11,2025-07-16,162.85,
11,2025-07-17,169.34,
11,2025-07-18,169.43,
11,2025-07-19,171.47,
11,2025-07-20,172.78,
11,2025-07-21,179.76,
11,2025-07-22,173.39,
11,2025-07-23,174.97,
11,2025-07-24,178.63,
11,2025-07-25,172.15,
11,2025-07-26,170.81,
11,2025-07-27,169.18,
11,2025-07-28,172.35,
11,2025-07-29,167.78,
11,2025-07-30,170.92,
11,2025-07-31,174.63,
11,2025-08-01,176.84,
11,2025-08-02,177.73,
11,2025-08-03,187.6,
11,2025-08-04,187.34,
11,2025-08-05,191.59,
11,2025-08-06,196.19,
11,2025-08-07,196.93,
11,2025-08-08,195.6,
11,2025-08-09,196.81,
11,2025-08-10,199.71,
11,2025-08-11,198.09,
11,2025-08-12,196.32,
11,2025-08-13,192.51,
11,2025-08-14,192.02,
11,2025-08-15,196.21,
11,2025-08-16,199.15,
11,2025-08-17,198.68,
11,2025-08-18,207.16,
11,2025-08-19,213.14,
11,2025-08-20,211.61,
11,2025-08-21,216.25,
11,2025-08-22,210.77,
11,2025-08-23,209.03,
11,2025-08-24,208.84,
11,2025-08-25,198.65,
11,2025-08-26,200.75,
11,2025-08-27,199.42,
11,2025-08-28,200.86,
11,2025-08-29,204.68,
11,2025-08-30,204.26,
11,2025-08-31,206.71,
11,2025-09-01,208.48,
11,2025-09-02,215.28,
11,2025-09-03,215.35,
11,2025-09-04,218.79,
11,2025-09-05,220.93,
11,2025-09-06,216.46,
11,2025-09-07,208.18,
11,2025-09-08,209.3,
11,2025-09-09,206.57,
11,2025-09-10,204.18,
11,2025-09-11,208.56,
11,2025-09-12,205.68,
11,2025-09-13,202.36,
11,2025-09-14,202.54,
11,2025-09-15,204.24,
11,2025-09-16,208.72,
11,2025-09-17,209.61,
11,2025-09-18,213.38,
11,2025-09-19,215.2,
11,2025-09-20,215.88,
11,2025-09-21,212.66,
11,2025-09-22,209.41,
11,2025-09-23,206.83,
11,2025-09-24,202.4,
11,2025-09-25,216.79,
11,2025-09-26,214.9,
11,2025-09-27,219.77,
11,2025-09-28,225.93,
11,2025-09-29,219.69,
11,2025-09-30,222.89,
11,2025-10-01,220.82,
11,2025-10-02,221.8,
11,2025-10-03,219.46,
11,2025-10-04,215.09,
11,2025-10-05,213.11,
11,2025-10-06,216.14,
11,2025-10-07,222.32,
11,2025-10-08,224.92,
11,2025-10-09,222.06,
11,2025-10-10,220.5,
11,2025-10-11,216.39,
11,2025-10-12,218.03,
11,2025-10-13,221.65,
11,2025-10-14,222.27,
11,2025-10-15,212.49,
11,2025-10-16,204.36,
11,2025-10-17,206.94,
11,2025-10-18,214.94,
11,2025-10-19,107.02,spike
11,2025-10-20,107.28,
11,2025-10-21,108.86,
11,2025-10-22,110.38,
11,2025-10-23,112.69,
11,2025-10-24,109.72,
11,2025-10-25,111.88,
11,2025-10-26,113.8,
11,2025-10-27,111.56,
11,2025-10-28,111.45,
11,2025-10-29,109.16,
11,2025-10-30,111.64,
11,2025-10-31,110.42,
11,2025-11-01,113.39,
11,2025-11-02,115.18,
11,2025-11-03,116.14,
11,2025-11-04,112.3,
11,2025-11-05,163.88,spike
11,2025-11-06,161.42,
11,2025-11-07,166.17,
11,2025-11-08,166.01,
11,2025-11-09,167.21,
11,2025-11-10,160.96,
11,2025-11-11,159.96,
11,2025-11-12,154.2,
11,2025-11-13,159.7,
11,2025-11-14,164.19,
11,2025-11-15,163.9,
11,2025-11-16,164.19,
11,2025-11-17,165.68,
11,2025-11-18,163.94,
11,2025-11-19,165.09,
11,2025-11-20,167.66,
11,2025-11-21,169.54,
11,2025-11-22,167.46,
12,2025-05-27,111.68,
12,2025-05-28,112.81,
12,2025-05-29,109.42,
12,2025-05-30,111.87,
12,2025-05-31,111.88,
12,2025-06-01,108.9,
12,2025-06-02,111.8,
12,2025-06-03,109.29,
12,2025-06-04,109.23,
12,2025-06-05,108.46,
12,2025-06-06,105.07,
12,2025-06-07,104.89,
12,2025-06-08,103.21,
12,2025-06-09,102.07,
12,2025-06-10,102.72,
12,2025-06-11,103.17,
12,2025-06-12,101.06,
12,2025-06-13,101.49,
12,2025-06-14,99.05,
12,2025-06-15,97.47,
12,2025-06-16,97.11,
12,2025-06-17,95.06,
12,2025-06-18,92.45,
12,2025-06-19,94.28,
12,2025-06-20,94.74,
12,2025-06-21,93.12,
12,2025-06-22,94.72,
12,2025-06-23,94.22,
12,2025-06-24,94.96,
12,2025-06-25,94.05,
12,2025-06-26,93.38,
12,2025-06-27,89.89,
12,2025-06-28,90.03,
12,2025-06-29,91.21,
12,2025-06-30,90.07,
12,2025-07-01,89.14,
12,2025-07-02,86.05,
12,2025-07-03,86.44,
12,2025-07-04,87.25,
12,2025-07-05,90.47,
12,2025-07-06,88.78,
12,2025-07-07,88.08,
12,2025-07-08,86.23,
12,2025-07-09,86.92,
12,2025-07-10,84.1,
12,2025-07-11,83.04,
12,2025-07-12,85.12,
12,2025-07-13,84.9,
12,2025-07-14,83.16,
12,2025-07-15,83.16,
12,2025-07-16,84.11,
12,2025-07-17,83.8,
12,2025-07-18,83.4,
12,2025-07-19,84.81,
12,2025-07-20,85.06,
12,2025-07-21,86.59,
12,2025-07-22,86.69,
12,2025-07-23,83.35,
12,2025-07-24,85.03,
12,2025-07-25,85.31,
12,2025-07-26,86.68,
12,2025-07-27,88.5,
12,2025-07-28,88.21,
12,2025-07-29,89.06,
12,2025-07-30,90.65,
12,2025-07-31,90.44,
12,2025-08-01,88.1,
12,2025-08-02,86.61,
12,2025-08-03,88.25,
12,2025-08-04,73.0,sale
12,2025-08-05,77.24,
12,2025-08-06,76.95,
12,2025-08-07,76.5,
12,2025-08-08,78.74,
12,2025-08-09,77.83,
12,2025-08-10,75.07,
12,2025-08-11,76.83,
12,2025-08-12,77.61,
12,2025-08-13,77.2,
12,2025-08-14,78.11,
12,2025-08-15,75.23,
12,2025-08-16,73.99,
12,2025-08-17,76.6,
12,2025-08-18,76.14,
12,2025-08-19,78.9,
12,2025-08-20,78.13,
12,2025-08-21,77.7,
12,2025-08-22,75.98,
12,2025-08-23,77.27,
12,2025-08-24,78.05,
12,2025-08-25,78.73,
12,2025-08-26,76.91,
12,2025-08-27,79.16,
12,2025-08-28,79.87,
12,2025-08-29,79.12,
12,2025-08-30,79.03,
12,2025-08-31,80.5,
12,2025-09-01,80.66,
12,2025-09-02,79.3,
12,2025-09-03,75.61,
12,2025-09-04,77.49,
12,2025-09-05,68.76,sale
12,2025-09-06,68.04,
12,2025-09-07,67.77,
12,2025-09-08,68.58,
12,2025-09-09,66.81,
12,2025-09-10,65.23,
12,2025-09-11,65.42,
12,2025-09-12,67.28,
12,2025-09-13,68.73,
12,2025-09-14,70.01,
12,2025-09-15,70.99,
12,2025-09-16,108.75,spike
12,2025-09-17,108.04,
12,2025-09-18,110.84,
12,2025-09-19,109.05,
12,2025-09-20,107.59,
12,2025-09-21,109.37,
12,2025-09-22,110.32,
12,2025-09-23,106.92,
12,2025-09-24,107.3,
12,2025-09-25,107.64,
12,2025-09-26,107.79,
12,2025-09-27,107.1,
12,2025-09-28,108.63,
12,2025-09-29,107.23,
12,2025-09-30,108.34,
12,2025-10-01,108.29,
12,2025-10-02,104.32,
12,2025-10-03,103.79,
12,2025-10-04,102.03,
12,2025-10-05,102.89,
12,2025-10-06,103.08,
12,2025-10-07,100.17,
12,2025-10-08,99.97,
12,2025-10-09,99.96,
12,2025-10-10,98.24,
12,2025-10-11,102.09,
12,2025-10-12,103.02,
12,2025-10-13,103.96,
12,2025-10-14,102.03,
12,2025-10-15,103.25,
12,2025-10-16,103.27,
12,2025-10-17,104.75,
12,2025-10-18,101.1,
12,2025-10-19,103.5,
12,2025-10-20,100.85,
12,2025-10-21,100.8,
12,2025-10-22,106.72,
12,2025-10-23,107.84,
12,2025-10-24,106.72,
12,2025-10-25,106.64,
12,2025-10-26,105.94,
12,2025-10-27,104.57,
12,2025-10-28,103.51,
12,2025-10-29,105.58,
12,2025-10-30,104.74,
12,2025-10-31,105.0,
12,2025-11-01,105.43,
12,2025-11-02,106.15,
12,2025-11-03,85.05,sale
12,2025-11-04,84.98,
12,2025-11-05,86.5,
12,2025-11-06,88.48,
12,2025-11-07,91.73,
12,2025-11-08,91.7,
12,2025-11-09,90.75,
12,2025-11-10,88.41,
12,2025-11-11,87.46,
12,2025-11-12,86.17,
12,2025-11-13,85.15,
12,2025-11-14,61.19,sale
12,2025-11-15,60.26,
12,2025-11-16,60.1,
12,2025-11-17,59.66,
12,2025-11-18,57.89,
12,2025-11-19,57.68,
12,2025-11-20,58.24,
12,2025-11-21,57.35,
12,2025-11-22,54.43,
13,2025-05-27,579.4,
13,2025-05-28,582.82,
13,2025-05-29,590.28,
13,2025-05-30,577.19,
13,2025-05-31,588.76,
13,2025-06-01,586.39,
13,2025-06-02,603.43,
13,2025-06-03,595.13,
13,2025-06-04,620.81,
13,2025-06-05,611.52,
13,2025-06-06,607.3,
13,2025-06-07,603.76,
13,2025-06-08,605.42,
13,2025-06-09,581.16,
13,2025-06-10,589.16,
13,2025-06-11,576.69,
13,2025-06-12,569.32,
13,2025-06-13,559.08,
13,2025-06-14,568.46,
13,2025-06-15,564.5,
13,2025-06-16,574.81,
13,2025-06-17,597.63,
13,2025-06-18,585.14,
13,2025-06-19,586.89,
13,2025-06-20,584.32,
13,2025-06-21,566.84,
13,2025-06-22,557.99,
13,2025-06-23,552.82,
13,2025-06-24,550.53,
13,2025-06-25,541.08,
13,2025-06-26,554.99,
13,2025-06-27,557.1,
13,2025-06-28,538.89,
13,2025-06-29,532.83,
13,2025-06-30,510.01,
13,2025-07-01,519.27,
13,2025-07-02,511.69,
13,2025-07-03,509.69,
13,2025-07-04,510.5,
13,2025-07-05,512.26,
13,2025-07-06,516.24,
13,2025-07-07,512.2,
13,2025-07-08,534.8,
13,2025-07-09,535.71,
13,2025-07-10,532.37,
13,2025-07-11,528.93,
13,2025-07-12,518.67,
13,2025-07-13,520.56,
13,2025-07-14,527.83,
13,2025-07-15,516.87,
13,2025-07-16,534.68,
13,2025-07-17,521.69,
13,2025-07-18,522.93,
13,2025-07-19,525.55,
13,2025-07-20,527.36,
13,2025-07-21,512.31,
13,2025-07-22,503.75,
13,2025-07-23,506.01,
13,2025-07-24,513.48,
13,2025-07-25,523.7,
13,2025-07-26,517.04,
13,2025-07-27,522.76,
13,2025-07-28,508.13,
13,2025-07-29,496.87,
13,2025-07-30,505.57,
13,2025-07-31,469.87,
13,2025-08-01,482.59,
13,2025-08-02,474.53,
13,2025-08-03,474.64,
13,2025-08-04,488.63,
13,2025-08-05,489.65,
13,2025-08-06,495.81,
13,2025-08-07,482.05,
13,2025-08-08,476.78,
13,2025-08-09,479.57,
13,2025-08-10,492.53,
13,2025-08-11,485.0,
13,2025-08-12,487.36,
13,2025-08-13,487.46,
13,2025-08-14,489.87,
13,2025-08-15,494.83,
13,2025-08-16,497.7,
13,2025-08-17,511.81,
13,2025-08-18,512.95,
13,2025-08-19,514.42,
13,2025-08-20,509.52,
13,2025-08-21,269.6,sale
13,2025-08-22,270.36,
13,2025-08-23,280.76,
13,2025-08-24,289.35,
13,2025-08-25,297.39,
13,2025-08-26,299.98,
13,2025-08-27,292.26,
13,2025-08-28,286.09,
13,2025-08-29,291.71,
13,2025-08-30,291.23,
13,2025-08-31,297.32,
13,2025-09-01,292.14,
13,2025-09-02,295.85,
13,2025-09-03,294.24,
13,2025-09-04,289.22,
13,2025-09-05,289.23,
13,2025-09-06,284.37,
13,2025-09-07,287.4,
13,2025-09-08,292.85,
13,2025-09-09,288.66,
13,2025-09-10,292.86,
13,2025-09-11,289.94,
13,2025-09-12,281.3,
13,2025-09-13,280.55,
13,2025-09-14,290.96,
13,2025-09-15,278.91,
13,2025-09-16,274.48,
13,2025-09-17,266.6,
13,2025-09-18,249.91,sale
13,2025-09-19,250.92,
13,2025-09-20,247.84,
13,2025-09-21,366.54,spike
13,2025-09-22,374.28,
13,2025-09-23,369.14,
13,2025-09-24,360.08,
13,2025-09-25,361.59,
13,2025-09-26,361.68,
13,2025-09-27,363.23,
13,2025-09-28,363.1,
13,2025-09-29,368.77,
13,2025-09-30,368.81,
13,2025-10-01,363.64,
13,2025-10-02,369.32,
13,2025-10-03,374.51,
13,2025-10-04,372.85,
13,2025-10-05,370.83,
13,2025-10-06,371.19,
13,2025-10-07,363.54,
13,2025-10-08,354.16,
13,2025-10-09,347.56,
13,2025-10-10,353.95,
13,2025-10-11,362.99,
13,2025-10-12,370.17,
13,2025-10-13,382.14,
13,2025-10-14,383.77,
13,2025-10-15,390.13,
13,2025-10-16,382.83,
13,2025-10-17,369.49,
13,2025-10-18,365.69,
13,2025-10-19,368.75,
13,2025-10-20,358.01,
13,2025-10-21,346.33,
13,2025-10-22,340.6,
13,2025-10-23,287.49,sale
13,2025-10-24,283.97,
13,2025-10-25,286.41,
13,2025-10-26,275.3,
13,2025-10-27,284.29,
13,2025-10-28,283.08,
13,2025-10-29,282.56,
13,2025-10-30,276.9,
13,2025-10-31,281.28,
13,2025-11-01,267.12,
13,2025-11-02,273.49,
13,2025-11-03,277.78,
13,2025-11-04,276.71,
13,2025-11-05,287.49,
13,2025-11-06,293.74,
13,2025-11-07,289.78,
13,2025-11-08,275.22,
13,2025-11-09,271.1,
13,2025-11-10,273.93,
13,2025-11-11,250.0,sale
13,2025-11-12,242.54,
13,2025-11-13,238.5,
13,2025-11-14,240.53,
13,2025-11-15,243.23,
13,2025-11-16,236.02,
13,2025-11-17,236.76,
13,2025-11-18,184.71,sale
13,2025-11-19,183.04,
13,2025-11-20,179.69,
13,2025-11-21,177.11,
13,2025-11-22,176.23,
14,2025-05-27,1039.99,
14,2025-05-28,1051.6,
14,2025-05-29,1057.41,
14,2025-05-30,1084.23,
14,2025-05-31,1062.15,
14,2025-06-01,749.91,sale
14,2025-06-02,749.45,
14,2025-06-03,745.69,
14,2025-06-04,747.27,
14,2025-06-05,736.04,
14,2025-06-06,738.97,
14,2025-06-07,723.56,
14,2025-06-08,735.25,
14,2025-06-09,740.71,
14,2025-06-10,744.39,
14,2025-06-11,749.42,
14,2025-06-12,737.21,
14,2025-06-13,705.07,
14,2025-06-14,692.68,
14,2025-06-15,525.08,sale
14,2025-06-16,529.08,
14,2025-06-17,545.29,
14,2025-06-18,536.25,
14,2025-06-19,520.13,
14,2025-06-20,280.51,sale
14,2025-06-21,271.76,
14,2025-06-22,275.13,
14,2025-06-23,277.56,
14,2025-06-24,275.68,
14,2025-06-25,289.44,
14,2025-06-26,292.06,
14,2025-06-27,277.44,
14,2025-06-28,283.2,
14,2025-06-29,284.37,
14,2025-06-30,283.85,
14,2025-07-01,277.41,
14,2025-07-02,283.85,
14,2025-07-03,295.2,
14,2025-07-04,302.06,
14,2025-07-05,294.17,
14,2025-07-06,286.94,
14,2025-07-07,290.31,
14,2025-07-08,294.11,
14,2025-07-09,295.26,
14,2025-07-10,294.3,
14,2025-07-11,290.47,
14,2025-07-12,292.54,
14,2025-07-13,298.48,
14,2025-07-14,298.1,
14,2025-07-15,302.03,
14,2025-07-16,310.2,
14,2025-07-17,310.94,
14,2025-07-18,306.99,
14,2025-07-19,307.32,
14,2025-07-20,315.32,
14,2025-07-21,323.54,
14,2025-07-22,331.58,
14,2025-07-23,336.98,
14,2025-07-24,328.13,
14,2025-07-25,322.14,
14,2025-07-26,321.35,
14,2025-07-27,321.92,
14,2025-07-28,323.89,
14,2025-07-29,321.53,
14,2025-07-30,270.28,sale
14,2025-07-31,265.29,
14,2025-08-01,268.99,
14,2025-08-02,277.05,
14,2025-08-03,276.7,
14,2025-08-04,276.67,
14,2025-08-05,279.79,
14,2025-08-06,285.99,
14,2025-08-07,283.02,
14,2025-08-08,284.33,
14,2025-08-09,278.45,
14,2025-08-10,270.3,
14,2025-08-11,279.49,
14,2025-08-12,288.9,
14,2025-08-13,284.6,
14,2025-08-14,288.67,
14,2025-08-15,289.0,
14,2025-08-16,285.48,
14,2025-08-17,287.36,
14,2025-08-18,296.02,
14,2025-08-19,295.32,
14,2025-08-20,296.51,
14,2025-08-21,295.98,
14,2025-08-22,296.38,
14,2025-08-23,292.49,
14,2025-08-24,278.9,
14,2025-08-25,271.54,
14,2025-08-26,277.33,
14,2025-08-27,278.66,
14,2025-08-28,292.61,
14,2025-08-29,293.72,
14,2025-08-30,293.49,
14,2025-08-31,299.77,
14,2025-09-01,292.22,
14,2025-09-02,292.89,
14,2025-09-03,292.15,
14,2025-09-04,289.31,
14,2025-09-05,282.11,
14,2025-09-06,289.35,
14,2025-09-07,229.91,sale
14,2025-09-08,231.01,
14,2025-09-09,231.93,
14,2025-09-10,243.46,
14,2025-09-11,249.9,
14,2025-09-12,250.68,
14,2025-09-13,243.5,
14,2025-09-14,197.08,sale
14,2025-09-15,202.56,
14,2025-09-16,199.98,
14,2025-09-17,197.59,
14,2025-09-18,194.74,
14,2025-09-19,195.69,
14,2025-09-20,197.68,
14,2025-09-21,190.63,
14,2025-09-22,190.31,
14,2025-09-23,186.62,
14,2025-09-24,184.93,
14,2025-09-25,179.7,
14,2025-09-26,179.24,
14,2025-09-27,169.81,
14,2025-09-28,169.05,
14,2025-09-29,171.09,
14,2025-09-30,173.92,
14,2025-10-01,176.32,
14,2025-10-02,173.67,
14,2025-10-03,179.26,
14,2025-10-04,179.15,
14,2025-10-05,182.78,
14,2025-10-06,187.45,
14,2025-10-07,182.76,
14,2025-10-08,183.04,
14,2025-10-09,174.55,
14,2025-10-10,173.18,
14,2025-10-11,172.4,
14,2025-10-12,169.02,
14,2025-10-13,167.71,
14,2025-10-14,165.03,
14,2025-10-15,172.43,
14,2025-10-16,169.03,
14,2025-10-17,173.35,
14,2025-10-18,174.6,
14,2025-10-19,178.25,
14,2025-10-20,177.24,
14,2025-10-21,182.87,
14,2025-10-22,181.73,
14,2025-10-23,176.11,
14,2025-10-24,177.76,
14,2025-10-25,183.9,
14,2025-10-26,181.59,
14,2025-10-27,178.02,
14,2025-10-28,182.92,
14,2025-10-29,187.47,
14,2025-10-30,191.87,
14,2025-10-31,188.61,
14,2025-11-01,185.95,
14,2025-11-02,185.67,
14,2025-11-03,182.54,
14,2025-11-04,190.02,
14,2025-11-05,188.96,
14,2025-11-06,189.46,
14,2025-11-07,192.24,
14,2025-11-08,189.36,
14,2025-11-09,188.18,
14,2025-11-10,194.71,
14,2025-11-11,189.81,
14,2025-11-12,187.1,
14,2025-11-13,178.27,
14,2025-11-14,182.3,
14,2025-11-15,182.37,
14,2025-11-16,181.46,
14,2025-11-17,182.5,
14,2025-11-18,182.61,
14,2025-11-19,189.2,
14,2025-11-20,192.38,
14,2025-11-21,193.29,
14,2025-11-22,193.15,
15,2025-05-27,55.9,
15,2025-05-28,55.62,
15,2025-05-29,54.26,
15,2025-05-30,54.63,
15,2025-05-31,54.78,
15,2025-06-01,56.39,
15,2025-06-02,54.68,
15,2025-06-03,54.98,
15,2025-06-04,56.28,
15,2025-06-05,58.49,
15,2025-06-06,59.37,
15,2025-06-07,59.24,
15,2025-06-08,59.14,
15,2025-06-09,57.18,
15,2025-06-10,56.68,
15,2025-06-11,55.8,
15,2025-06-12,55.36,
15,2025-06-13,55.48,
15,2025-06-14,55.88,
15,2025-06-15,55.33,
15,2025-06-16,55.17,
15,2025-06-17,54.71,
15,2025-06-18,53.27,
15,2025-06-19,56.6,
15,2025-06-20,55.8,
15,2025-06-21,54.62,
15,2025-06-22,55.77,
15,2025-06-23,54.95,
15,2025-06-24,53.91,
15,2025-06-25,54.11,
15,2025-06-26,53.99,
15,2025-06-27,51.96,
15,2025-06-28,51.35,
15,2025-06-29,52.22,
15,2025-06-30,52.09,
15,2025-07-01,52.75,
15,2025-07-02,54.76,
15,2025-07-03,55.16,
15,2025-07-04,56.39,
15,2025-07-05,55.03,
15,2025-07-06,55.28,
15,2025-07-07,55.18,
15,2025-07-08,55.26,
15,2025-07-09,55.1,
15,2025-07-10,54.09,
15,2025-07-11,55.92,
15,2025-07-12,42.39,sale
15,2025-07-13,43.17,
15,2025-07-14,44.09,
15,2025-07-15,44.89,
15,2025-07-16,44.39,
15,2025-07-17,43.93,
15,2025-07-18,44.07,
15,2025-07-19,43.97,
15,2025-07-20,42.95,
15,2025-07-21,42.77,
15,2025-07-22,43.0,
15,2025-07-23,29.17,sale
15,2025-07-24,29.32,
15,2025-07-25,29.66,
15,2025-07-26,29.84,
15,2025-07-27,29.84,
15,2025-07-28,30.17,
15,2025-07-29,29.64,
15,2025-07-30,28.3,
15,2025-07-31,29.42,
15,2025-08-01,29.22,
15,2025-08-02,29.09,
15,2025-08-03,28.32,
15,2025-08-04,28.79,
15,2025-08-05,28.76,
15,2025-08-06,28.5,
15,2025-08-07,29.25,
15,2025-08-08,28.95,
15,2025-08-09,29.78,
15,2025-08-10,29.88,
15,2025-08-11,29.76,
15,2025-08-12,30.13,
15,2025-08-13,31.27,
15,2025-08-14,30.34,
15,2025-08-15,30.77,
15,2025-08-16,31.2,
15,2025-08-17,31.59,
15,2025-08-18,31.66,
15,2025-08-19,32.73,
15,2025-08-20,33.31,
15,2025-08-21,33.74,
15,2025-08-22,32.78,
15,2025-08-23,32.58,
15,2025-08-24,33.13,
15,2025-08-25,31.86,
15,2025-08-26,32.86,
15,2025-08-27,32.02,
15,2025-08-28,31.37,
15,2025-08-29,31.38,
15,2025-08-30,30.98,
15,2025-08-31,30.36,
15,2025-09-01,30.19,
15,2025-09-02,15.09,spike
15,2025-09-03,15.49,
15,2025-09-04,15.2,
15,2025-09-05,14.81,
15,2025-09-06,14.77,
15,2025-09-07,14.95,
15,2025-09-08,15.09,
15,2025-09-09,15.03,
15,2025-09-10,15.78,
15,2025-09-11,16.52,
15,2025-09-12,16.57,
15,2025-09-13,16.42,
15,2025-09-14,16.56,
15,2025-09-15,16.16,
15,2025-09-16,16.54,
15,2025-09-17,16.44,
15,2025-09-18,16.55,
15,2025-09-19,16.11,
15,2025-09-20,16.18,
15,2025-09-21,16.47,
15,2025-09-22,16.27,
15,2025-09-23,16.63,
15,2025-09-24,16.46,
15,2025-09-25,16.46,
15,2025-09-26,16.18,
15,2025-09-27,15.77,
15,2025-09-28,15.67,
15,2025-09-29,15.24,
15,2025-09-30,15.44,
15,2025-10-01,15.54,
15,2025-10-02,15.77,
15,2025-10-03,15.85,
15,2025-10-04,16.35,
15,2025-10-05,15.96,
15,2025-10-06,16.1,
15,2025-10-07,16.4,
15,2025-10-08,16.69,
15,2025-10-09,17.25,
15,2025-10-10,16.92,
15,2025-10-11,16.98,
15,2025-10-12,16.81,
15,2025-10-13,16.37,
15,2025-10-14,15.99,
15,2025-10-15,15.57,
15,2025-10-16,10.37,sale
15,2025-10-17,10.37,
15,2025-10-18,10.32,
15,2025-10-19,10.34,
15,2025-10-20,10.09,
15,2025-10-21,9.76,
15,2025-10-22,9.66,
15,2025-10-23,9.53,
15,2025-10-24,9.58,
15,2025-10-25,10.06,
15,2025-10-26,10.21,
15,2025-10-27,10.24,
15,2025-10-28,10.0,
15,2025-10-29,9.75,
15,2025-10-30,9.77,
15,2025-10-31,9.9,
15,2025-11-01,9.83,
15,2025-11-02,9.98,
15,2025-11-03,9.9,
15,2025-11-04,9.83,
15,2025-11-05,9.76,
15,2025-11-06,9.71,
15,2025-11-07,9.63,
15,2025-11-08,9.57,
15,2025-11-09,9.27,
15,2025-11-10,9.61,
15,2025-11-11,9.88,
15,2025-11-12,9.81,
15,2025-11-13,9.87,
15,2025-11-14,9.78,
15,2025-11-15,9.62,
15,2025-11-16,9.37,
15,2025-11-17,8.3,sale
15,2025-11-18,8.32,
15,2025-11-19,8.43,
15,2025-11-20,8.23,
15,2025-11-21,8.28,
15,2025-11-22,8.15,
16,2025-05-27,29.93,
16,2025-05-28,30.43,
16,2025-05-29,30.12,
16,2025-05-30,30.22,
16,2025-05-31,30.05,
16,2025-06-01,28.94,
16,2025-06-02,30.23,
16,2025-06-03,29.47,
16,2025-06-04,29.39,
16,2025-06-05,20.19,sale
16,2025-06-06,11.65,sale
16,2025-06-07,11.4,
16,2025-06-08,11.65,
16,2025-06-09,11.47,
16,2025-06-10,11.63,
16,2025-06-11,11.32,
16,2025-06-12,11.68,
16,2025-06-13,11.24,
16,2025-06-14,10.94,
16,2025-06-15,10.8,
16,2025-06-16,10.76,
16,2025-06-17,10.76,
16,2025-06-18,10.3,
16,2025-06-19,10.33,
16,2025-06-20,10.42,
16,2025-06-21,10.27,
16,2025-06-22,10.08,
16,2025-06-23,10.12,
16,2025-06-24,10.23,
16,2025-06-25,10.2,
16,2025-06-26,10.07,
16,2025-06-27,9.97,
16,2025-06-28,9.9,
16,2025-06-29,9.94,
16,2025-06-30,10.14,
16,2025-07-01,10.37,
16,2025-07-02,10.46,
16,2025-07-03,10.65,
16,2025-07-04,10.8,
16,2025-07-05,10.89,
16,2025-07-06,10.77,
16,2025-07-07,10.36,
16,2025-07-08,9.9,
16,2025-07-09,7.36,sale
16,2025-07-10,7.14,
16,2025-07-11,7.27,
16,2025-07-12,7.45,
16,2025-07-13,7.18,
16,2025-07-14,7.13,
16,2025-07-15,7.22,
16,2025-07-16,7.17,
16,2025-07-17,7.24,
16,2025-07-18,7.14,
16,2025-07-19,7.04,
16,2025-07-20,7.07,
16,2025-07-21,7.18,
16,2025-07-22,6.96,
16,2025-07-23,6.84,
16,2025-07-24,6.89,
16,2025-07-25,6.82,
16,2025-07-26,6.96,
16,2025-07-27,6.87,
16,2025-07-28,6.93,
16,2025-07-29,7.0,
16,2025-07-30,7.08,
16,2025-07-31,7.0,
16,2025-08-01,7.07,
16,2025-08-02,6.87,
16,2025-08-03,7.09,
16,2025-08-04,7.02,
16,2025-08-05,7.04,
16,2025-08-06,7.23,
16,2025-08-07,7.35,
16,2025-08-08,7.31,
16,2025-08-09,7.51,
16,2025-08-10,7.5,
16,2025-08-11,7.43,
16,2025-08-12,7.36,
16,2025-08-13,7.5,
16,2025-08-14,7.46,
16,2025-08-15,6.75,sale
16,2025-08-16,6.55,
16,2025-08-17,6.79,
16,2025-08-18,6.93,
16,2025-08-19,6.78,
16,2025-08-20,6.92,
16,2025-08-21,6.78,
16,2025-08-22,7.05,
16,2025-08-23,7.1,
16,2025-08-24,7.15,
16,2025-08-25,7.21,
16,2025-08-26,7.16,
16,2025-08-27,6.79,
16,2025-08-28,6.84,
16,2025-08-29,6.89,
16,2025-08-30,6.82,
16,2025-08-31,6.93,
16,2025-09-01,7.0,
16,2025-09-02,6.98,
16,2025-09-03,6.91,
16,2025-09-04,6.91,
16,2025-09-05,7.02,
16,2025-09-06,7.01,
16,2025-09-07,6.83,
16,2025-09-08,5.13,sale
16,2025-09-09,5.1,
16,2025-09-10,5.11,
16,2025-09-11,5.24,
16,2025-09-12,5.08,
16,2025-09-13,5.12,
16,2025-09-14,5.11,
16,2025-09-15,5.25,
16,2025-09-16,5.24,
16,2025-09-17,5.15,
16,2025-09-18,5.08,
16,2025-09-19,5.1,
16,2025-09-20,3.0,sale
16,2025-09-21,3.06,
16,2025-09-22,3.12,
16,2025-09-23,3.06,
16,2025-09-24,3.02,
16,2025-09-25,3.05,
16,2025-09-26,3.18,
16,2025-09-27,2.99,
16,2025-09-28,3.0,
16,2025-09-29,2.98,
16,2025-09-30,3.04,
16,2025-10-01,3.09,
16,2025-10-02,3.05,
16,2025-10-03,3.03,
16,2025-10-04,3.03,
16,2025-10-05,3.08,
16,2025-10-06,3.09,
16,2025-10-07,3.17,
16,2025-10-08,3.06,
16,2025-10-09,2.98,
16,2025-10-10,2.94,
16,2025-10-11,1.98,sale
16,2025-10-12,1.93,
16,2025-10-13,1.9,
16,2025-10-14,2.86,spike
16,2025-10-15,2.91,
16,2025-10-16,2.85,
16,2025-10-17,2.8,
16,2025-10-18,2.81,
16,2025-10-19,2.79,
16,2025-10-20,2.8,
16,2025-10-21,2.79,
16,2025-10-22,2.74,
16,2025-10-23,2.7,
16,2025-10-24,2.67,
16,2025-10-25,2.63,
16,2025-10-26,2.63,
16,2025-10-27,2.64,
16,2025-10-28,2.7,
16,2025-10-29,2.67,
16,2025-10-30,2.69,
16,2025-10-31,2.75,
16,2025-11-01,2.65,
16,2025-11-02,2.58,
16,2025-11-03,2.63,
16,2025-11-04,2.58,
16,2025-11-05,2.6,
16,2025-11-06,2.52,
16,2025-11-07,2.56,
16,2025-11-08,2.5,
16,2025-11-09,2.37,
16,2025-11-10,2.43,
16,2025-11-11,2.37,
16,2025-11-12,2.36,
16,2025-11-13,2.32,
16,2025-11-14,2.34,
16,2025-11-15,2.44,
16,2025-11-16,2.49,
16,2025-11-17,2.5,
16,2025-11-18,2.46,
16,2025-11-19,2.46,
16,2025-11-20,2.52,
16,2025-11-21,2.51,
16,2025-11-22,1.29,sale
17,2025-05-27,40.44,
17,2025-05-28,41.34,
17,2025-05-29,40.37,
17,2025-05-30,39.09,
17,2025-05-31,38.44,
17,2025-06-01,38.85,
17,2025-06-02,39.08,
17,2025-06-03,38.61,
17,2025-06-04,39.57,
17,2025-06-05,39.62,
17,2025-06-06,38.55,
17,2025-06-07,37.73,
17,2025-06-08,37.67,
17,2025-06-09,37.66,
17,2025-06-10,37.06,
17,2025-06-11,37.24,
17,2025-06-12,36.55,
17,2025-06-13,37.02,
17,2025-06-14,37.07,
17,2025-06-15,36.07,
17,2025-06-16,35.5,
17,2025-06-17,35.18,
17,2025-06-18,35.2,
17,2025-06-19,35.27,
17,2025-06-20,34.52,
17,2025-06-21,34.92,
17,2025-06-22,34.55,
17,2025-06-23,33.85,
17,2025-06-24,32.73,
17,2025-06-25,32.56,
17,2025-06-26,32.15,
17,2025-06-27,15.99,spike
17,2025-06-28,16.37,
17,2025-06-29,16.07,
17,2025-06-30,16.09,
17,2025-07-01,15.88,
17,2025-07-02,16.05,
17,2025-07-03,15.98,
17,2025-07-04,16.15,
17,2025-07-05,15.45,
17,2025-07-06,15.31,
17,2025-07-07,15.15,
17,2025-07-08,15.19,
17,2025-07-09,15.22,
17,2025-07-10,15.49,
17,2025-07-11,15.3,
17,2025-07-12,15.76,
17,2025-07-13,15.16,
17,2025-07-14,15.02,
17,2025-07-15,14.36,
17,2025-07-16,14.15,
17,2025-07-17,14.5,
17,2025-07-18,14.32,
17,2025-07-19,14.67,
17,2025-07-20,14.37,
17,2025-07-21,13.95,
17,2025-07-22,14.53,
17,2025-07-23,14.19,
17,2025-07-24,14.58,
17,2025-07-25,14.71,
17,2025-07-26,14.33,
17,2025-07-27,14.35,
17,2025-07-28,14.64,
17,2025-07-29,14.56,
17,2025-07-30,14.54,
17,2025-07-31,14.66,
17,2025-08-01,14.66,
17,2025-08-02,14.9,
17,2025-08-03,14.75,
17,2025-08-04,15.12,
17,2025-08-05,15.58,
17,2025-08-06,15.72,
17,2025-08-07,14.8,
17,2025-08-08,14.56,
17,2025-08-09,14.09,
17,2025-08-10,13.36,
17,2025-08-11,13.47,
17,2025-08-12,13.35,
17,2025-08-13,12.86,
17,2025-08-14,12.84,
17,2025-08-15,13.18,
17,2025-08-16,12.83,
17,2025-08-17,12.97,
17,2025-08-18,12.81,
17,2025-08-19,12.11,
17,2025-08-20,11.7,
17,2025-08-21,11.48,
17,2025-08-22,11.26,
17,2025-08-23,11.64,
17,2025-08-24,11.86,
17,2025-08-25,11.62,
17,2025-08-26,11.34,
17,2025-08-27,11.28,
17,2025-08-28,11.19,
17,2025-08-29,11.21,
17,2025-08-30,11.02,
17,2025-08-31,11.26,
17,2025-09-01,11.14,
17,2025-09-02,11.33,
17,2025-09-03,7.67,sale
17,2025-09-04,7.73,
17,2025-09-05,7.53,
17,2025-09-06,7.6,
17,2025-09-07,7.61,
17,2025-09-08,7.73,
17,2025-09-09,7.79,
17,2025-09-10,7.87,
17,2025-09-11,7.98,
17,2025-09-12,7.73,
17,2025-09-13,7.75,
17,2025-09-14,7.73,
17,2025-09-15,7.78,
17,2025-09-16,7.7,
17,2025-09-17,7.59,
17,2025-09-18,7.38,
17,2025-09-19,7.62,
17,2025-09-20,7.67,
17,2025-09-21,7.67,
17,2025-09-22,7.67,
17,2025-09-23,7.62,
17,2025-09-24,7.73,
17,2025-09-25,7.68,
17,2025-09-26,7.63,
17,2025-09-27,7.93,
17,2025-09-28,8.04,
17,2025-09-29,7.97,
17,2025-09-30,7.92,
17,2025-10-01,7.86,
17,2025-10-02,7.88,
17,2025-10-03,7.61,
17,2025-10-04,7.52,
17,2025-10-05,7.24,
17,2025-10-06,7.03,
17,2025-10-07,6.77,
17,2025-10-08,7.05,
17,2025-10-09,7.1,
17,2025-10-10,7.31,
17,2025-10-11,7.43,
17,2025-10-12,7.36,
17,2025-10-13,7.46,
17,2025-10-14,7.71,
17,2025-10-15,7.52,
17,2025-10-16,7.64,
17,2025-10-17,7.42,
17,2025-10-18,7.33,
17,2025-10-19,7.11,
17,2025-10-20,6.97,
17,2025-10-21,6.86,
17,2025-10-22,7.05,
17,2025-10-23,6.99,
17,2025-10-24,6.97,
17,2025-10-25,7.0,
17,2025-10-26,6.75,
17,2025-10-27,7.17,
17,2025-10-28,7.17,
17,2025-10-29,7.24,
17,2025-10-30,7.15,
17,2025-10-31,7.21,
17,2025-11-01,6.91,
17,2025-11-02,6.95,
17,2025-11-03,7.02,
17,2025-11-04,6.88,
17,2025-11-05,7.01,
17,2025-11-06,7.1,
17,2025-11-07,6.96,
17,2025-11-08,7.12,
17,2025-11-09,7.11,
17,2025-11-10,7.05,
17,2025-11-11,6.9,
17,2025-11-12,6.97,
17,2025-11-13,7.22,
17,2025-11-14,7.14,
17,2025-11-15,7.0,
17,2025-11-16,7.02,
17,2025-11-17,7.0,
17,2025-11-18,7.14,
17,2025-11-19,6.98,
17,2025-11-20,7.15,
17,2025-11-21,7.07,
17,2025-11-22,6.81,
18,2025-05-27,9.78,
18,2025-05-28,9.61,
18,2025-05-29,9.88,
18,2025-05-30,9.83,
18,2025-05-31,9.99,
18,2025-06-01,9.95,
18,2025-06-02,9.31,sale
18,2025-06-03,9.32,
18,2025-06-04,9.5,
18,2025-06-05,9.26,
18,2025-06-06,9.06,
18,2025-06-07,9.29,
18,2025-06-08,9.03,
18,2025-06-09,9.16,
18,2025-06-10,9.03,
18,2025-06-11,9.2,
18,2025-06-12,8.94,
18,2025-06-13,8.83,
18,2025-06-14,8.63,
18,2025-06-15,8.6,
18,2025-06-16,9.06,
18,2025-06-17,9.08,
18,2025-06-18,9.31,
18,2025-06-19,9.41,
18,2025-06-20,9.17,
18,2025-06-21,9.21,
18,2025-06-22,8.16,sale
18,2025-06-23,8.34,
18,2025-06-24,8.48,
18,2025-06-25,8.32,
18,2025-06-26,8.68,
18,2025-06-27,8.64,
18,2025-06-28,8.84,
18,2025-06-29,8.93,
18,2025-06-30,8.79,
18,2025-07-01,8.86,
18,2025-07-02,8.69,
18,2025-07-03,8.96,
18,2025-07-04,8.71,
18,2025-07-05,8.98,
18,2025-07-06,9.19,
18,2025-07-07,9.04,
18,2025-07-08,8.99,
18,2025-07-09,9.13,
18,2025-07-10,8.92,
18,2025-07-11,9.03,
18,2025-07-12,9.07,
18,2025-07-13,9.31,
18,2025-07-14,9.2,
18,2025-07-15,9.2,
18,2025-07-16,9.43,
18,2025-07-17,9.54,
18,2025-07-18,9.52,
18,2025-07-19,9.73,
18,2025-07-20,9.38,
18,2025-07-21,9.41,
18,2025-07-22,9.5,
18,2025-07-23,9.5,
18,2025-07-24,9.32,
18,2025-07-25,9.46,
18,2025-07-26,9.26,
18,2025-07-27,9.24,
18,2025-07-28,9.2,
18,2025-07-29,9.37,
18,2025-07-30,9.19,
18,2025-07-31,9.19,
18,2025-08-01,9.15,
18,2025-08-02,9.37,
18,2025-08-03,9.4,
18,2025-08-04,9.62,
18,2025-08-05,9.54,
18,2025-08-06,9.7,
18,2025-08-07,9.67,
18,2025-08-08,9.63,
18,2025-08-09,9.55,
18,2025-08-10,9.34,
18,2025-08-11,13.84,spike
18,2025-08-12,13.68,
18,2025-08-13,13.7,
18,2025-08-14,13.72,
18,2025-08-15,13.71,
18,2025-08-16,13.96,
18,2025-08-17,13.66,
18,2025-08-18,13.71,
18,2025-08-19,13.65,
18,2025-08-20,14.06,
18,2025-08-21,14.2,
18,2025-08-22,13.9,
18,2025-08-23,14.02,
18,2025-08-24,13.78,
18,2025-08-25,13.52,
18,2025-08-26,13.2,
18,2025-08-27,13.06,
18,2025-08-28,13.34,
18,2025-08-29,13.69,
18,2025-08-30,13.7,
18,2025-08-31,13.83,
18,2025-09-01,14.0,
18,2025-09-02,13.76,
18,2025-09-03,13.91,
18,2025-09-04,13.46,
18,2025-09-05,13.1,
18,2025-09-06,13.33,
18,2025-09-07,13.48,
18,2025-09-08,13.17,
18,2025-09-09,13.05,
18,2025-09-10,13.19,
18,2025-09-11,13.16,
18,2025-09-12,13.35,
18,2025-09-13,13.69,
18,2025-09-14,13.78,
18,2025-09-15,13.69,
18,2025-09-16,13.68,
18,2025-09-17,13.59,
18,2025-09-18,13.97,
18,2025-09-19,13.66,
18,2025-09-20,13.47,
18,2025-09-21,13.5,
18,2025-09-22,13.45,
18,2025-09-23,13.81,
18,2025-09-24,14.03,
18,2025-09-25,13.9,
18,2025-09-26,13.89,
18,2025-09-27,13.95,
18,2025-09-28,14.17,
18,2025-09-29,13.86,
18,2025-09-30,14.24,
18,2025-10-01,14.09,
18,2025-10-02,14.08,
18,2025-10-03,13.63,
18,2025-10-04,14.01,
18,2025-10-05,14.05,
18,2025-10-06,13.87,
18,2025-10-07,14.29,
18,2025-10-08,13.85,
18,2025-10-09,13.36,
18,2025-10-10,12.89,
18,2025-10-11,12.49,
18,2025-10-12,12.1,
18,2025-10-13,12.18,
18,2025-10-14,12.1,
18,2025-10-15,12.25,
18,2025-10-16,12.52,
18,2025-10-17,12.71,
18,2025-10-18,8.76,sale
18,2025-10-19,8.8,
18,2025-10-20,8.82,
18,2025-10-21,8.76,
18,2025-10-22,8.24,
18,2025-10-23,8.33,
18,2025-10-24,8.44,
18,2025-10-25,8.42,
18,2025-10-26,8.52,
18,2025-10-27,8.55,
18,2025-10-28,8.71,
18,2025-10-29,8.87,
18,2025-10-30,9.03,
18,2025-10-31,9.55,
18,2025-11-01,9.76,
18,2025-11-02,9.57,
18,2025-11-03,9.28,
18,2025-11-04,9.07,
18,2025-11-05,9.17,
18,2025-11-06,9.07,
18,2025-11-07,9.21,
18,2025-11-08,8.96,
18,2025-11-09,8.9,
18,2025-11-10,8.86,
18,2025-11-11,9.01,
18,2025-11-12,5.85,sale
18,2025-11-13,5.9,
18,2025-11-14,5.95,
18,2025-11-15,6.02,
18,2025-11-16,6.03,
18,2025-11-17,6.09,
18,2025-11-18,6.09,
18,2025-11-19,6.22,
18,2025-11-20,6.14,
18,2025-11-21,4.95,sale
18,2025-11-22,5.06,
19,2025-05-27,8.02,
19,2025-05-28,8.0,
19,2025-05-29,7.8,
19,2025-05-30,7.73,
19,2025-05-31,7.78,
19,2025-06-01,7.99,
19,2025-06-02,8.24,
19,2025-06-03,8.24,
19,2025-06-04,8.29,
19,2025-06-05,8.58,
19,2025-06-06,8.75,
19,2025-06-07,8.63,
19,2025-06-08,8.4,
19,2025-06-09,8.62,
19,2025-06-10,8.67,
19,2025-06-11,8.72,
19,2025-06-12,8.64,
19,2025-06-13,8.58,
19,2025-06-14,8.62,
19,2025-06-15,8.6,
19,2025-06-16,8.68,
19,2025-06-17,9.07,
19,2025-06-18,8.95,
19,2025-06-19,8.83,
19,2025-06-20,9.04,
19,2025-06-21,9.05,
19,2025-06-22,9.1,
19,2025-06-23,8.92,
19,2025-06-24,8.72,
19,2025-06-25,8.7,
19,2025-06-26,8.35,
19,2025-06-27,8.3,
19,2025-06-28,8.6,
19,2025-06-29,8.41,
19,2025-06-30,8.25,
19,2025-07-01,7.97,
19,2025-07-02,8.02,
19,2025-07-03,8.19,
19,2025-07-04,8.04,
19,2025-07-05,7.99,
19,2025-07-06,7.93,
19,2025-07-07,7.81,
19,2025-07-08,7.81,
19,2025-07-09,8.11,
19,2025-07-10,8.09,
19,2025-07-11,8.37,
19,2025-07-12,8.68,
19,2025-07-13,8.6,
19,2025-07-14,8.61,
19,2025-07-15,8.59,
19,2025-07-16,8.52,
19,2025-07-17,8.76,
19,2025-07-18,8.83,
19,2025-07-19,8.86,
19,2025-07-20,9.06,
19,2025-07-21,9.23,
19,2025-07-22,9.45,
19,2025-07-23,9.23,
19,2025-07-24,9.15,
19,2025-07-25,9.4,
19,2025-07-26,9.73,
19,2025-07-27,9.66,
19,2025-07-28,9.65,
19,2025-07-29,9.52,
19,2025-07-30,9.53,
19,2025-07-31,9.43,
19,2025-08-01,9.34,
19,2025-08-02,9.44,
19,2025-08-03,9.44,
19,2025-08-04,9.51,
19,2025-08-05,9.69,
19,2025-08-06,10.22,
19,2025-08-07,10.14,
19,2025-08-08,9.96,
19,2025-08-09,9.93,
19,2025-08-10,10.11,
19,2025-08-11,9.7,
19,2025-08-12,9.84,
19,2025-08-13,9.6,
19,2025-08-14,9.84,
19,2025-08-15,9.45,
19,2025-08-16,9.41,
19,2025-08-17,9.34,
19,2025-08-18,9.34,
19,2025-08-19,9.32,
19,2025-08-20,9.41,
19,2025-08-21,9.54,
19,2025-08-22,9.56,
19,2025-08-23,9.55,
19,2025-08-24,9.7,
19,2025-08-25,9.82,
19,2025-08-26,9.45,
19,2025-08-27,9.33,
19,2025-08-28,9.01,
19,2025-08-29,9.1,
19,2025-08-30,8.76,
19,2025-08-31,8.97,
19,2025-09-01,8.6,
19,2025-09-02,8.59,
19,2025-09-03,8.26,
19,2025-09-04,8.04,
19,2025-09-05,8.07,
19,2025-09-06,8.0,
19,2025-09-07,7.83,
19,2025-09-08,7.7,
19,2025-09-09,7.83,
19,2025-09-10,8.13,
19,2025-09-11,7.87,
19,2025-09-12,7.82,
19,2025-09-13,7.99,
19,2025-09-14,7.92,
19,2025-09-15,7.88,
19,2025-09-16,7.97,
19,2025-09-17,8.11,
19,2025-09-18,8.23,
19,2025-09-19,8.06,
19,2025-09-20,8.11,
19,2025-09-21,8.11,
19,2025-09-22,8.17,
19,2025-09-23,8.2,
19,2025-09-24,8.28,
19,2025-09-25,7.63,
19,2025-09-26,7.76,
19,2025-09-27,7.79,
19,2025-09-28,7.75,
19,2025-09-29,7.88,
19,2025-09-30,7.44,
19,2025-10-01,7.49,
19,2025-10-02,7.54,
19,2025-10-03,7.52,
19,2025-10-04,7.6,
19,2025-10-05,3.85,spike
19,2025-10-06,3.85,
19,2025-10-07,3.92,
19,2025-10-08,3.94,
19,2025-10-09,4.17,
19,2025-10-10,4.18,
19,2025-10-11,2.68,sale
19,2025-10-12,2.69,
19,2025-10-13,2.79,
19,2025-10-14,2.79,
19,2025-10-15,2.82,
19,2025-10-16,2.81,
19,2025-10-17,2.75,
19,2025-10-18,2.82,
19,2025-10-19,2.83,
19,2025-10-20,2.87,
19,2025-10-21,2.87,
19,2025-10-22,2.92,
19,2025-10-23,2.96,
19,2025-10-24,2.88,
19,2025-10-25,2.88,
19,2025-10-26,2.92,
19,2025-10-27,3.0,
19,2025-10-28,3.04,
19,2025-10-29,2.99,
19,2025-10-30,2.95,
19,2025-10-31,2.92,
19,2025-11-01,2.95,
19,2025-11-02,2.88,
19,2025-11-03,2.93,
19,2025-11-04,2.92,
19,2025-11-05,2.96,
19,2025-11-06,2.9,
19,2025-11-07,2.86,
19,2025-11-08,2.91,
19,2025-11-09,2.85,
19,2025-11-10,2.82,
19,2025-11-11,2.74,
19,2025-11-12,2.88,
19,2025-11-13,2.81,
19,2025-11-14,2.82,
19,2025-11-15,2.75,
19,2025-11-16,2.8,
19,2025-11-17,2.82,
19,2025-11-18,2.76,
19,2025-11-19,2.75,
19,2025-11-20,2.83,
19,2025-11-21,2.79,
19,2025-11-22,2.79,
20,2025-05-27,12.88,
20,2025-05-28,12.83,
20,2025-05-29,13.04,
20,2025-05-30,13.16,
20,2025-05-31,13.36,
20,2025-06-01,13.25,
20,2025-06-02,13.64,
20,2025-06-03,13.82,
20,2025-06-04,14.12,
20,2025-06-05,14.19,
20,2025-06-06,13.85,
20,2025-06-07,13.88,
20,2025-06-08,13.77,
20,2025-06-09,14.07,
20,2025-06-10,14.18,
20,2025-06-11,14.09,
20,2025-06-12,14.2,
20,2025-06-13,14.1,
20,2025-06-14,14.23,
20,2025-06-15,14.5,
20,2025-06-16,14.11,
20,2025-06-17,13.6,
20,2025-06-18,11.61,sale
20,2025-06-19,11.48,
20,2025-06-20,11.7,
20,2025-06-21,11.7,
20,2025-06-22,11.78,
20,2025-06-23,11.93,
20,2025-06-24,12.11,
20,2025-06-25,12.28,
20,2025-06-26,12.48,
20,2025-06-27,12.56,
20,2025-06-28,12.43,
20,2025-06-29,12.53,
20,2025-06-30,12.47,
20,2025-07-01,6.15,spike
20,2025-07-02,6.27,
20,2025-07-03,6.36,
20,2025-07-04,6.31,
20,2025-07-05,6.16,
20,2025-07-06,6.37,
20,2025-07-07,6.43,
20,2025-07-08,6.36,
20,2025-07-09,6.42,
20,2025-07-10,6.37,
20,2025-07-11,5.22,sale
20,2025-07-12,5.18,
20,2025-07-13,5.16,
20,2025-07-14,5.28,
20,2025-07-15,5.3,
20,2025-07-16,5.49,
20,2025-07-17,5.53,
20,2025-07-18,5.49,
20,2025-07-19,5.65,
20,2025-07-20,5.69,
20,2025-07-21,5.44,
20,2025-07-22,5.49,
20,2025-07-23,5.41,
20,2025-07-24,5.44,
20,2025-07-25,5.37,
20,2025-07-26,5.51,
20,2025-07-27,5.46,
20,2025-07-28,5.6,
20,2025-07-29,5.63,
20,2025-07-30,5.63,
20,2025-07-31,5.78,
20,2025-08-01,6.05,
20,2025-08-02,6.06,
20,2025-08-03,6.15,
20,2025-08-04,6.22,
20,2025-08-05,6.29,
20,2025-08-06,6.42,
20,2025-08-07,6.4,
20,2025-08-08,6.43,
20,2025-08-09,6.41,
20,2025-08-10,6.62,
20,2025-08-11,6.63,
20,2025-08-12,6.46,
20,2025-08-13,6.29,
20,2025-08-14,6.42,
20,2025-08-15,6.38,
20,2025-08-16,6.41,
20,2025-08-17,6.56,
20,2025-08-18,6.73,
20,2025-08-19,6.67,
20,2025-08-20,6.72,
20,2025-08-21,6.85,
20,2025-08-22,6.64,
20,2025-08-23,6.65,
20,2025-08-24,6.51,
20,2025-08-25,6.33,
20,2025-08-26,6.26,
20,2025-08-27,6.16,
20,2025-08-28,6.21,
20,2025-08-29,6.34,
20,2025-08-30,6.47,
20,2025-08-31,6.6,
20,2025-09-01,6.64,
20,2025-09-02,6.43,
20,2025-09-03,6.59,
20,2025-09-04,6.71,
20,2025-09-05,6.74,
20,2025-09-06,6.68,
20,2025-09-07,6.45,
20,2025-09-08,5.57,sale
20,2025-09-09,5.47,
20,2025-09-10,5.59,
20,2025-09-11,5.5,
20,2025-09-12,5.62,
20,2025-09-13,5.75,
20,2025-09-14,5.77,
20,2025-09-15,3.18,sale
20,2025-09-16,3.13,
20,2025-09-17,3.08,
20,2025-09-18,3.13,
20,2025-09-19,2.81,sale
20,2025-09-20,2.8,
20,2025-09-21,1.42,spike
20,2025-09-22,1.41,
20,2025-09-23,1.38,
20,2025-09-24,1.38,
20,2025-09-25,1.38,
20,2025-09-26,1.37,
20,2025-09-27,1.4,
20,2025-09-28,1.41,
20,2025-09-29,1.41,
20,2025-09-30,1.4,
20,2025-10-01,1.44,
20,2025-10-02,1.45,
20,2025-10-03,1.47,
20,2025-10-04,1.47,
20,2025-10-05,1.43,
20,2025-10-06,1.47,
20,2025-10-07,1.44,
20,2025-10-08,1.4,
20,2025-10-09,1.4,
20,2025-10-10,1.4,
20,2025-10-11,1.37,
20,2025-10-12,1.39,
20,2025-10-13,1.39,
20,2025-10-14,1.39,
20,2025-10-15,1.39,
20,2025-10-16,1.42,
20,2025-10-17,1.36,
20,2025-10-18,0.82,sale
20,2025-10-19,0.82,
20,2025-10-20,0.85,
20,2025-10-21,0.83,
20,2025-10-22,0.84,
20,2025-10-23,0.85,
20,2025-10-24,0.72,sale
20,2025-10-25,0.71,
20,2025-10-26,0.71,
20,2025-10-27,0.7,
20,2025-10-28,0.7,
20,2025-10-29,0.71,
20,2025-10-30,0.74,
20,2025-10-31,0.73,
20,2025-11-01,0.72,
20,2025-11-02,0.38,sale
20,2025-11-03,0.38,
20,2025-11-04,0.39,
20,2025-11-05,0.38,
20,2025-11-06,0.32,sale
20,2025-11-07,0.32,
20,2025-11-08,0.32,
20,2025-11-09,0.33,
20,2025-11-10,0.33,
20,2025-11-11,0.33,
20,2025-11-12,0.33,
20,2025-11-13,0.33,
20,2025-11-14,0.33,
20,2025-11-15,0.33,
20,2025-11-16,0.34,
20,2025-11-17,0.35,
20,2025-11-18,0.35,
20,2025-11-19,0.35,
20,2025-11-20,0.35,
20,2025-11-21,0.35,
20,2025-11-22,0.35,
